distance_m,method,search_seed,generation,evaluations,best_objective,objective_over_original_hb
5.0,hybrid-de-sdr,101,0,12,0.0001034501484157337,1.0
5.0,hybrid-de-sdr,101,1,24,0.0001034501484157337,1.0
5.0,hybrid-de-sdr,101,2,36,0.0001034501484157337,1.0
5.0,hybrid-de-sdr,101,3,48,0.0001034501484157337,1.0
5.0,hybrid-de-sdr,101,4,60,0.0001034501484157337,1.0
5.0,hybrid-de-sdr,101,5,72,0.0001034501484157337,1.0
5.0,hybrid-de-sdr,101,6,84,0.0001034501484157337,1.0
5.0,hybrid-de-sdr,101,7,96,0.0001034501484157337,1.0
5.0,hybrid-de-sdr,101,8,108,0.0001034501484157337,1.0
5.0,hybrid-de-sdr,101,9,120,0.0001034501484157337,1.0
5.0,hybrid-de-sdr,101,10,132,0.0001034501484157337,1.0
5.0,hybrid-de-sdr,101,11,144,0.0001034501484157337,1.0
5.0,hybrid-de-sdr,101,12,156,0.0001034501484157337,1.0
5.0,hybrid-de-sdr,101,13,168,0.0001034501484157337,1.0
5.0,hybrid-de-sdr,101,14,180,0.0001034501484157337,1.0
5.0,hybrid-de-sdr,101,15,192,0.0001034501484157337,1.0
5.0,hybrid-de-sdr,101,16,204,0.0001034501484157337,1.0
5.0,hybrid-de-sdr,101,17,216,0.0001034501484157337,1.0
5.0,hybrid-de-sdr,101,18,228,0.0001034501484157337,1.0
5.0,hybrid-de-sdr,101,19,240,0.0001034501484157337,1.0
5.0,hybrid-de-sdr,101,20,252,0.0001034501484157337,1.0
5.0,hybrid-de-sdr,202,0,12,9.823484562986758e-05,0.949586318959085
5.0,hybrid-de-sdr,202,1,24,9.823484562986758e-05,0.949586318959085
5.0,hybrid-de-sdr,202,2,36,9.823484562986758e-05,0.949586318959085
5.0,hybrid-de-sdr,202,3,48,9.823484562986758e-05,0.949586318959085
5.0,hybrid-de-sdr,202,4,60,9.823484562986758e-05,0.949586318959085
5.0,hybrid-de-sdr,202,5,72,9.823484562986758e-05,0.949586318959085
5.0,hybrid-de-sdr,202,6,84,9.823484562986758e-05,0.949586318959085
5.0,hybrid-de-sdr,202,7,96,9.823484562986758e-05,0.949586318959085
5.0,hybrid-de-sdr,202,8,108,9.823484562986758e-05,0.949586318959085
5.0,hybrid-de-sdr,202,9,120,9.65661895625121e-05,0.9334562689503632
5.0,hybrid-de-sdr,202,10,132,9.65661895625121e-05,0.9334562689503632
5.0,hybrid-de-sdr,202,11,144,9.65661895625121e-05,0.9334562689503632
5.0,hybrid-de-sdr,202,12,156,9.65661895625121e-05,0.9334562689503632
5.0,hybrid-de-sdr,202,13,168,9.65661895625121e-05,0.9334562689503632
5.0,hybrid-de-sdr,202,14,180,9.65661895625121e-05,0.9334562689503632
5.0,hybrid-de-sdr,202,15,192,9.65661895625121e-05,0.9334562689503632
5.0,hybrid-de-sdr,202,16,204,9.65661895625121e-05,0.9334562689503632
5.0,hybrid-de-sdr,202,17,216,9.65661895625121e-05,0.9334562689503632
5.0,hybrid-de-sdr,202,18,228,9.65661895625121e-05,0.9334562689503632
5.0,hybrid-de-sdr,202,19,240,9.65661895625121e-05,0.9334562689503632
5.0,hybrid-de-sdr,202,20,252,9.65661895625121e-05,0.9334562689503632
5.0,hybrid-de-sdr,303,0,12,0.0001034501484157337,1.0
5.0,hybrid-de-sdr,303,1,24,0.0001034501484157337,1.0
5.0,hybrid-de-sdr,303,2,36,0.0001034501484157337,1.0
5.0,hybrid-de-sdr,303,3,48,0.0001034501484157337,1.0
5.0,hybrid-de-sdr,303,4,60,0.0001034501484157337,1.0
5.0,hybrid-de-sdr,303,5,72,0.0001034501484157337,1.0
5.0,hybrid-de-sdr,303,6,84,0.0001034501484157337,1.0
5.0,hybrid-de-sdr,303,7,96,0.0001034501484157337,1.0
5.0,hybrid-de-sdr,303,8,108,0.0001034501484157337,1.0
5.0,hybrid-de-sdr,303,9,120,0.0001034501484157337,1.0
5.0,hybrid-de-sdr,303,10,132,0.0001034501484157337,1.0
5.0,hybrid-de-sdr,303,11,144,0.0001034501484157337,1.0
5.0,hybrid-de-sdr,303,12,156,0.0001034501484157337,1.0
5.0,hybrid-de-sdr,303,13,168,0.0001034501484157337,1.0
5.0,hybrid-de-sdr,303,14,180,0.0001034501484157337,1.0
5.0,hybrid-de-sdr,303,15,192,0.0001034501484157337,1.0
5.0,hybrid-de-sdr,303,16,204,0.0001034501484157337,1.0
5.0,hybrid-de-sdr,303,17,216,0.0001034501484157337,1.0
5.0,hybrid-de-sdr,303,18,228,0.0001034501484157337,1.0
5.0,hybrid-de-sdr,303,19,240,0.0001034501484157337,1.0
5.0,hybrid-de-sdr,303,20,252,0.0001034501484157337,1.0
5.0,hybrid-pso-sdr,101,0,12,0.0001034501484157337,1.0
5.0,hybrid-pso-sdr,101,1,24,0.0001034501484157337,1.0
5.0,hybrid-pso-sdr,101,2,36,0.0001034501484157337,1.0
5.0,hybrid-pso-sdr,101,3,48,0.0001034501484157337,1.0
5.0,hybrid-pso-sdr,101,4,60,0.0001034501484157337,1.0
5.0,hybrid-pso-sdr,101,5,72,0.0001034501484157337,1.0
5.0,hybrid-pso-sdr,101,6,84,0.0001034501484157337,1.0
5.0,hybrid-pso-sdr,101,7,96,0.0001034501484157337,1.0
5.0,hybrid-pso-sdr,101,8,108,0.0001034501484157337,1.0
5.0,hybrid-pso-sdr,101,9,120,0.0001034501484157337,1.0
5.0,hybrid-pso-sdr,101,10,132,0.0001034501484157337,1.0
5.0,hybrid-pso-sdr,101,11,144,0.0001034501484157337,1.0
5.0,hybrid-pso-sdr,101,12,156,0.0001034501484157337,1.0
5.0,hybrid-pso-sdr,101,13,168,0.0001034501484157337,1.0
5.0,hybrid-pso-sdr,101,14,180,0.0001034501484157337,1.0
5.0,hybrid-pso-sdr,101,15,192,0.0001034501484157337,1.0
5.0,hybrid-pso-sdr,101,16,204,0.0001034501484157337,1.0
5.0,hybrid-pso-sdr,101,17,216,0.0001034501484157337,1.0
5.0,hybrid-pso-sdr,101,18,228,0.0001034501484157337,1.0
5.0,hybrid-pso-sdr,101,19,240,0.0001034501484157337,1.0
5.0,hybrid-pso-sdr,101,20,252,0.0001034501484157337,1.0
5.0,hybrid-pso-sdr,202,0,12,9.823484562986758e-05,0.949586318959085
5.0,hybrid-pso-sdr,202,1,24,9.329618639136652e-05,0.9018468104698932
5.0,hybrid-pso-sdr,202,2,36,9.329618639136652e-05,0.9018468104698932
5.0,hybrid-pso-sdr,202,3,48,9.329618639136652e-05,0.9018468104698932
5.0,hybrid-pso-sdr,202,4,60,8.91589800262308e-05,0.861854539521092
5.0,hybrid-pso-sdr,202,5,72,8.91589800262308e-05,0.861854539521092
5.0,hybrid-pso-sdr,202,6,84,8.91589800262308e-05,0.861854539521092
5.0,hybrid-pso-sdr,202,7,96,8.91589800262308e-05,0.861854539521092
5.0,hybrid-pso-sdr,202,8,108,8.91589800262308e-05,0.861854539521092
5.0,hybrid-pso-sdr,202,9,120,8.91589800262308e-05,0.861854539521092
5.0,hybrid-pso-sdr,202,10,132,8.908690538903206e-05,0.8611578306395437
5.0,hybrid-pso-sdr,202,11,144,8.908690538903206e-05,0.8611578306395437
5.0,hybrid-pso-sdr,202,12,156,8.908690538903206e-05,0.8611578306395437
5.0,hybrid-pso-sdr,202,13,168,8.84498353492527e-05,0.8549995983940066
5.0,hybrid-pso-sdr,202,14,180,8.775388330847405e-05,0.8482721837751137
5.0,hybrid-pso-sdr,202,15,192,8.775388330847405e-05,0.8482721837751137
5.0,hybrid-pso-sdr,202,16,204,8.712216172233525e-05,0.8421656523122482
5.0,hybrid-pso-sdr,202,17,216,8.705242599700084e-05,0.8414915525028
5.0,hybrid-pso-sdr,202,18,228,8.705242599700084e-05,0.8414915525028
5.0,hybrid-pso-sdr,202,19,240,8.705242599700084e-05,0.8414915525028
5.0,hybrid-pso-sdr,202,20,252,8.699959336593604e-05,0.8409808463136462
5.0,hybrid-pso-sdr,303,0,12,0.0001034501484157337,1.0
5.0,hybrid-pso-sdr,303,1,24,0.0001034501484157337,1.0
5.0,hybrid-pso-sdr,303,2,36,0.0001034501484157337,1.0
5.0,hybrid-pso-sdr,303,3,48,0.0001034501484157337,1.0
5.0,hybrid-pso-sdr,303,4,60,0.0001034501484157337,1.0
5.0,hybrid-pso-sdr,303,5,72,0.0001034501484157337,1.0
5.0,hybrid-pso-sdr,303,6,84,0.0001034501484157337,1.0
5.0,hybrid-pso-sdr,303,7,96,0.0001034501484157337,1.0
5.0,hybrid-pso-sdr,303,8,108,0.0001034501484157337,1.0
5.0,hybrid-pso-sdr,303,9,120,0.0001034501484157337,1.0
5.0,hybrid-pso-sdr,303,10,132,0.0001034501484157337,1.0
5.0,hybrid-pso-sdr,303,11,144,0.0001034501484157337,1.0
5.0,hybrid-pso-sdr,303,12,156,0.0001034501484157337,1.0
5.0,hybrid-pso-sdr,303,13,168,0.0001034501484157337,1.0
5.0,hybrid-pso-sdr,303,14,180,0.0001034501484157337,1.0
5.0,hybrid-pso-sdr,303,15,192,0.0001034501484157337,1.0
5.0,hybrid-pso-sdr,303,16,204,0.0001034501484157337,1.0
5.0,hybrid-pso-sdr,303,17,216,0.0001034501484157337,1.0
5.0,hybrid-pso-sdr,303,18,228,0.0001034501484157337,1.0
5.0,hybrid-pso-sdr,303,19,240,0.0001034501484157337,1.0
5.0,hybrid-pso-sdr,303,20,252,0.0001034501484157337,1.0
10.0,hybrid-de-sdr,101,0,12,0.0019287465275428088,1.0
10.0,hybrid-de-sdr,101,1,24,0.0019287465275428088,1.0
10.0,hybrid-de-sdr,101,2,36,0.0015374978380633959,0.7971487264436674
10.0,hybrid-de-sdr,101,3,48,0.0015374978380633959,0.7971487264436674
10.0,hybrid-de-sdr,101,4,60,0.0015374978380633959,0.7971487264436674
10.0,hybrid-de-sdr,101,5,72,0.0015374978380633959,0.7971487264436674
10.0,hybrid-de-sdr,101,6,84,0.0015374978380633959,0.7971487264436674
10.0,hybrid-de-sdr,101,7,96,0.0015374978380633959,0.7971487264436674
10.0,hybrid-de-sdr,101,8,108,0.0015057673871365297,0.7806973936875223
10.0,hybrid-de-sdr,101,9,120,0.0015057673871365297,0.7806973936875223
10.0,hybrid-de-sdr,101,10,132,0.0015057673871365297,0.7806973936875223
10.0,hybrid-de-sdr,101,11,144,0.0015057673871365297,0.7806973936875223
10.0,hybrid-de-sdr,101,12,156,0.0012226333126074303,0.6339004608164065
10.0,hybrid-de-sdr,101,13,168,0.0012226333126074303,0.6339004608164065
10.0,hybrid-de-sdr,101,14,180,0.0012226333126074303,0.6339004608164065
10.0,hybrid-de-sdr,101,15,192,0.0012226333126074303,0.6339004608164065
10.0,hybrid-de-sdr,101,16,204,0.0012226333126074303,0.6339004608164065
10.0,hybrid-de-sdr,101,17,216,0.0012226333126074303,0.6339004608164065
10.0,hybrid-de-sdr,101,18,228,0.0012226333126074303,0.6339004608164065
10.0,hybrid-de-sdr,101,19,240,0.0012226333126074303,0.6339004608164065
10.0,hybrid-de-sdr,101,20,252,0.0012226333126074303,0.6339004608164065
10.0,hybrid-de-sdr,202,0,12,0.0014445436580346645,0.7489546383655654
10.0,hybrid-de-sdr,202,1,24,0.0014445436580346645,0.7489546383655654
10.0,hybrid-de-sdr,202,2,36,0.0014445436580346645,0.7489546383655654
10.0,hybrid-de-sdr,202,3,48,0.0014445436580346645,0.7489546383655654
10.0,hybrid-de-sdr,202,4,60,0.0014445436580346645,0.7489546383655654
10.0,hybrid-de-sdr,202,5,72,0.0014445436580346645,0.7489546383655654
10.0,hybrid-de-sdr,202,6,84,0.0014445436580346645,0.7489546383655654
10.0,hybrid-de-sdr,202,7,96,0.0014445436580346645,0.7489546383655654
10.0,hybrid-de-sdr,202,8,108,0.0014445436580346645,0.7489546383655654
10.0,hybrid-de-sdr,202,9,120,0.0013752698069337643,0.7130381246548946
10.0,hybrid-de-sdr,202,10,132,0.0013752698069337643,0.7130381246548946
10.0,hybrid-de-sdr,202,11,144,0.0013752698069337643,0.7130381246548946
10.0,hybrid-de-sdr,202,12,156,0.0013752698069337643,0.7130381246548946
10.0,hybrid-de-sdr,202,13,168,0.0013752698069337643,0.7130381246548946
10.0,hybrid-de-sdr,202,14,180,0.0013752698069337643,0.7130381246548946
10.0,hybrid-de-sdr,202,15,192,0.0013752698069337643,0.7130381246548946
10.0,hybrid-de-sdr,202,16,204,0.0013752698069337643,0.7130381246548946
10.0,hybrid-de-sdr,202,17,216,0.0013752698069337643,0.7130381246548946
10.0,hybrid-de-sdr,202,18,228,0.0013752698069337643,0.7130381246548946
10.0,hybrid-de-sdr,202,19,240,0.0013752698069337643,0.7130381246548946
10.0,hybrid-de-sdr,202,20,252,0.0013752698069337643,0.7130381246548946
10.0,hybrid-de-sdr,303,0,12,0.0019287465275428088,1.0
10.0,hybrid-de-sdr,303,1,24,0.0019287465275428088,1.0
10.0,hybrid-de-sdr,303,2,36,0.0019287465275428088,1.0
10.0,hybrid-de-sdr,303,3,48,0.0019287465275428088,1.0
10.0,hybrid-de-sdr,303,4,60,0.0014146041587375765,0.7334318628896037
10.0,hybrid-de-sdr,303,5,72,0.0013673408883920497,0.7089272067978882
10.0,hybrid-de-sdr,303,6,84,0.0013530897489531775,0.7015383979340155
10.0,hybrid-de-sdr,303,7,96,0.0013530897489531775,0.7015383979340155
10.0,hybrid-de-sdr,303,8,108,0.0013530897489531775,0.7015383979340155
10.0,hybrid-de-sdr,303,9,120,0.0013530897489531775,0.7015383979340155
10.0,hybrid-de-sdr,303,10,132,0.0013530897489531775,0.7015383979340155
10.0,hybrid-de-sdr,303,11,144,0.0013530897489531775,0.7015383979340155
10.0,hybrid-de-sdr,303,12,156,0.0013530897489531775,0.7015383979340155
10.0,hybrid-de-sdr,303,13,168,0.0013530897489531775,0.7015383979340155
10.0,hybrid-de-sdr,303,14,180,0.0013530897489531775,0.7015383979340155
10.0,hybrid-de-sdr,303,15,192,0.0013530897489531775,0.7015383979340155
10.0,hybrid-de-sdr,303,16,204,0.0013530897489531775,0.7015383979340155
10.0,hybrid-de-sdr,303,17,216,0.0013530897489531775,0.7015383979340155
10.0,hybrid-de-sdr,303,18,228,0.0013530897489531775,0.7015383979340155
10.0,hybrid-de-sdr,303,19,240,0.0013129426137746289,0.6807232547281866
10.0,hybrid-de-sdr,303,20,252,0.0012175463900940028,0.6312630367480878
10.0,hybrid-pso-sdr,101,0,12,0.0019287465275428088,1.0
10.0,hybrid-pso-sdr,101,1,24,0.0019287465275428088,1.0
10.0,hybrid-pso-sdr,101,2,36,0.0019287465275428088,1.0
10.0,hybrid-pso-sdr,101,3,48,0.0019287465275428088,1.0
10.0,hybrid-pso-sdr,101,4,60,0.0019287465275428088,1.0
10.0,hybrid-pso-sdr,101,5,72,0.0019287465275428088,1.0
10.0,hybrid-pso-sdr,101,6,84,0.0019287465275428088,1.0
10.0,hybrid-pso-sdr,101,7,96,0.0019287465275428088,1.0
10.0,hybrid-pso-sdr,101,8,108,0.0019287465275428088,1.0
10.0,hybrid-pso-sdr,101,9,120,0.0019287465275428088,1.0
10.0,hybrid-pso-sdr,101,10,132,0.0019287465275428088,1.0
10.0,hybrid-pso-sdr,101,11,144,0.0019287465275428088,1.0
10.0,hybrid-pso-sdr,101,12,156,0.0019287465275428088,1.0
10.0,hybrid-pso-sdr,101,13,168,0.0019287465275428088,1.0
10.0,hybrid-pso-sdr,101,14,180,0.0019287465275428088,1.0
10.0,hybrid-pso-sdr,101,15,192,0.0019287465275428088,1.0
10.0,hybrid-pso-sdr,101,16,204,0.0019287465275428088,1.0
10.0,hybrid-pso-sdr,101,17,216,0.0019287465275428088,1.0
10.0,hybrid-pso-sdr,101,18,228,0.0019287465275428088,1.0
10.0,hybrid-pso-sdr,101,19,240,0.0019287465275428088,1.0
10.0,hybrid-pso-sdr,101,20,252,0.0019287465275428088,1.0
10.0,hybrid-pso-sdr,202,0,12,0.0014445436580346645,0.7489546383655654
10.0,hybrid-pso-sdr,202,1,24,0.0013841350826242986,0.7176345169562866
10.0,hybrid-pso-sdr,202,2,36,0.0013841350826242986,0.7176345169562866
10.0,hybrid-pso-sdr,202,3,48,0.0013841350826242986,0.7176345169562866
10.0,hybrid-pso-sdr,202,4,60,0.0013479767747286648,0.6988874667973946
10.0,hybrid-pso-sdr,202,5,72,0.0013479767747286648,0.6988874667973946
10.0,hybrid-pso-sdr,202,6,84,0.0013479767747286648,0.6988874667973946
10.0,hybrid-pso-sdr,202,7,96,0.0013479767747286648,0.6988874667973946
10.0,hybrid-pso-sdr,202,8,108,0.0013479767747286648,0.6988874667973946
10.0,hybrid-pso-sdr,202,9,120,0.0013479767747286648,0.6988874667973946
10.0,hybrid-pso-sdr,202,10,132,0.0013479767747286648,0.6988874667973946
10.0,hybrid-pso-sdr,202,11,144,0.0013479767747286648,0.6988874667973946
10.0,hybrid-pso-sdr,202,12,156,0.0013479767747286648,0.6988874667973946
10.0,hybrid-pso-sdr,202,13,168,0.0013479767747286648,0.6988874667973946
10.0,hybrid-pso-sdr,202,14,180,0.0013277257403195202,0.6883878837158665
10.0,hybrid-pso-sdr,202,15,192,0.0013028584052825066,0.6754948805752753
10.0,hybrid-pso-sdr,202,16,204,0.0013028584052825066,0.6754948805752753
10.0,hybrid-pso-sdr,202,17,216,0.0013028584052825066,0.6754948805752753
10.0,hybrid-pso-sdr,202,18,228,0.0013028584052825066,0.6754948805752753
10.0,hybrid-pso-sdr,202,19,240,0.0013017850827655299,0.6749383934984876
10.0,hybrid-pso-sdr,202,20,252,0.0013017850827655299,0.6749383934984876
10.0,hybrid-pso-sdr,303,0,12,0.0019287465275428088,1.0
10.0,hybrid-pso-sdr,303,1,24,0.0019287465275428088,1.0
10.0,hybrid-pso-sdr,303,2,36,0.0019287465275428088,1.0
10.0,hybrid-pso-sdr,303,3,48,0.0018937090500637565,0.981834068407273
10.0,hybrid-pso-sdr,303,4,60,0.0018937090500637565,0.981834068407273
10.0,hybrid-pso-sdr,303,5,72,0.001852886708653289,0.960668850050419
10.0,hybrid-pso-sdr,303,6,84,0.0018004323604063517,0.9334727682958283
10.0,hybrid-pso-sdr,303,7,96,0.0018004323604063517,0.9334727682958283
10.0,hybrid-pso-sdr,303,8,108,0.0015377809190600374,0.7972954958571694
10.0,hybrid-pso-sdr,303,9,120,0.0015377809190600374,0.7972954958571694
10.0,hybrid-pso-sdr,303,10,132,0.0015377809190600374,0.7972954958571694
10.0,hybrid-pso-sdr,303,11,144,0.0013880163995232241,0.7196468689390378
10.0,hybrid-pso-sdr,303,12,156,0.001365229462708542,0.7078324928718455
10.0,hybrid-pso-sdr,303,13,168,0.001350665997553257,0.7002817520423398
10.0,hybrid-pso-sdr,303,14,180,0.001350665997553257,0.7002817520423398
10.0,hybrid-pso-sdr,303,15,192,0.001330600804849009,0.6898785225781702
10.0,hybrid-pso-sdr,303,16,204,0.0013157972761653346,0.6822033156641057
10.0,hybrid-pso-sdr,303,17,216,0.0012986344953454807,0.6733049038848664
10.0,hybrid-pso-sdr,303,18,228,0.0012958052529962202,0.6718380225145782
10.0,hybrid-pso-sdr,303,19,240,0.0012769207654037447,0.662046954936334
10.0,hybrid-pso-sdr,303,20,252,0.00127548309056181,0.6613015615829803
15.0,hybrid-de-sdr,101,0,12,0.009945672122176218,1.0
15.0,hybrid-de-sdr,101,1,24,0.009945672122176218,1.0
15.0,hybrid-de-sdr,101,2,36,0.007816820398315352,0.7859519499829388
15.0,hybrid-de-sdr,101,3,48,0.007816820398315352,0.7859519499829388
15.0,hybrid-de-sdr,101,4,60,0.007816820398315352,0.7859519499829388
15.0,hybrid-de-sdr,101,5,72,0.007816820398315352,0.7859519499829388
15.0,hybrid-de-sdr,101,6,84,0.007816820398315352,0.7859519499829388
15.0,hybrid-de-sdr,101,7,96,0.007816820398315352,0.7859519499829388
15.0,hybrid-de-sdr,101,8,108,0.007690529796045304,0.7732539039666768
15.0,hybrid-de-sdr,101,9,120,0.007690529796045304,0.7732539039666768
15.0,hybrid-de-sdr,101,10,132,0.007690529796045304,0.7732539039666768
15.0,hybrid-de-sdr,101,11,144,0.007690529796045304,0.7732539039666768
15.0,hybrid-de-sdr,101,12,156,0.007690529796045304,0.7732539039666768
15.0,hybrid-de-sdr,101,13,168,0.007690529796045304,0.7732539039666768
15.0,hybrid-de-sdr,101,14,180,0.007690529796045304,0.7732539039666768
15.0,hybrid-de-sdr,101,15,192,0.007690529796045304,0.7732539039666768
15.0,hybrid-de-sdr,101,16,204,0.007123492854940737,0.7162404679576387
15.0,hybrid-de-sdr,101,17,216,0.007123492854940737,0.7162404679576387
15.0,hybrid-de-sdr,101,18,228,0.0069979670649372334,0.7036193209439932
15.0,hybrid-de-sdr,101,19,240,0.0069979670649372334,0.7036193209439932
15.0,hybrid-de-sdr,101,20,252,0.00658923024111097,0.6625223675349934
15.0,hybrid-de-sdr,202,0,12,0.007373391910992209,0.741366880027293
15.0,hybrid-de-sdr,202,1,24,0.007373391910992209,0.741366880027293
15.0,hybrid-de-sdr,202,2,36,0.007373391910992209,0.741366880027293
15.0,hybrid-de-sdr,202,3,48,0.007373391910992209,0.741366880027293
15.0,hybrid-de-sdr,202,4,60,0.007373391910992209,0.741366880027293
15.0,hybrid-de-sdr,202,5,72,0.007373391910992209,0.741366880027293
15.0,hybrid-de-sdr,202,6,84,0.007373391910992209,0.741366880027293
15.0,hybrid-de-sdr,202,7,96,0.007373391910992209,0.741366880027293
15.0,hybrid-de-sdr,202,8,108,0.007373391910992209,0.741366880027293
15.0,hybrid-de-sdr,202,9,120,0.00698243781517733,0.70205791317093
15.0,hybrid-de-sdr,202,10,132,0.00698243781517733,0.70205791317093
15.0,hybrid-de-sdr,202,11,144,0.006511127095471361,0.6546693894074057
15.0,hybrid-de-sdr,202,12,156,0.006511127095471361,0.6546693894074057
15.0,hybrid-de-sdr,202,13,168,0.006511127095471361,0.6546693894074057
15.0,hybrid-de-sdr,202,14,180,0.006511127095471361,0.6546693894074057
15.0,hybrid-de-sdr,202,15,192,0.006511127095471361,0.6546693894074057
15.0,hybrid-de-sdr,202,16,204,0.006166847396405887,0.6200533579480716
15.0,hybrid-de-sdr,202,17,216,0.006166847396405887,0.6200533579480716
15.0,hybrid-de-sdr,202,18,228,0.006166847396405887,0.6200533579480716
15.0,hybrid-de-sdr,202,19,240,0.006166847396405887,0.6200533579480716
15.0,hybrid-de-sdr,202,20,252,0.006161337361696917,0.6194993446404455
15.0,hybrid-de-sdr,303,0,12,0.009945672122176218,1.0
15.0,hybrid-de-sdr,303,1,24,0.009945672122176218,1.0
15.0,hybrid-de-sdr,303,2,36,0.009945672122176218,1.0
15.0,hybrid-de-sdr,303,3,48,0.00974609769528021,0.9799335404943614
15.0,hybrid-de-sdr,303,4,60,0.007268956478335679,0.7308662892805232
15.0,hybrid-de-sdr,303,5,72,0.007268956478335679,0.7308662892805232
15.0,hybrid-de-sdr,303,6,84,0.007268956478335679,0.7308662892805232
15.0,hybrid-de-sdr,303,7,96,0.007268956478335679,0.7308662892805232
15.0,hybrid-de-sdr,303,8,108,0.007268956478335679,0.7308662892805232
15.0,hybrid-de-sdr,303,9,120,0.007268956478335679,0.7308662892805232
15.0,hybrid-de-sdr,303,10,132,0.007268956478335679,0.7308662892805232
15.0,hybrid-de-sdr,303,11,144,0.007268956478335679,0.7308662892805232
15.0,hybrid-de-sdr,303,12,156,0.007268956478335679,0.7308662892805232
15.0,hybrid-de-sdr,303,13,168,0.007063696152308998,0.7102281339597778
15.0,hybrid-de-sdr,303,14,180,0.007014776701251926,0.7053094667791058
15.0,hybrid-de-sdr,303,15,192,0.007014776701251926,0.7053094667791058
15.0,hybrid-de-sdr,303,16,204,0.007014776701251926,0.7053094667791058
15.0,hybrid-de-sdr,303,17,216,0.007014776701251926,0.7053094667791058
15.0,hybrid-de-sdr,303,18,228,0.007014776701251926,0.7053094667791058
15.0,hybrid-de-sdr,303,19,240,0.007014776701251926,0.7053094667791058
15.0,hybrid-de-sdr,303,20,252,0.00679668479052301,0.6833811437809417
15.0,hybrid-pso-sdr,101,0,12,0.009945672122176218,1.0
15.0,hybrid-pso-sdr,101,1,24,0.009945672122176218,1.0
15.0,hybrid-pso-sdr,101,2,36,0.009945672122176218,1.0
15.0,hybrid-pso-sdr,101,3,48,0.009945672122176218,1.0
15.0,hybrid-pso-sdr,101,4,60,0.009945672122176218,1.0
15.0,hybrid-pso-sdr,101,5,72,0.009945672122176218,1.0
15.0,hybrid-pso-sdr,101,6,84,0.009945672122176218,1.0
15.0,hybrid-pso-sdr,101,7,96,0.009945672122176218,1.0
15.0,hybrid-pso-sdr,101,8,108,0.009945672122176218,1.0
15.0,hybrid-pso-sdr,101,9,120,0.009945672122176218,1.0
15.0,hybrid-pso-sdr,101,10,132,0.009945672122176218,1.0
15.0,hybrid-pso-sdr,101,11,144,0.009945672122176218,1.0
15.0,hybrid-pso-sdr,101,12,156,0.009945672122176218,1.0
15.0,hybrid-pso-sdr,101,13,168,0.009945672122176218,1.0
15.0,hybrid-pso-sdr,101,14,180,0.009945672122176218,1.0
15.0,hybrid-pso-sdr,101,15,192,0.009945672122176218,1.0
15.0,hybrid-pso-sdr,101,16,204,0.009945672122176218,1.0
15.0,hybrid-pso-sdr,101,17,216,0.009945672122176218,1.0
15.0,hybrid-pso-sdr,101,18,228,0.009945672122176218,1.0
15.0,hybrid-pso-sdr,101,19,240,0.009945672122176218,1.0
15.0,hybrid-pso-sdr,101,20,252,0.009945672122176218,1.0
15.0,hybrid-pso-sdr,202,0,12,0.007373391910992209,0.741366880027293
15.0,hybrid-pso-sdr,202,1,24,0.007030506377714567,0.7068910267048114
15.0,hybrid-pso-sdr,202,2,36,0.007030506377714567,0.7068910267048114
15.0,hybrid-pso-sdr,202,3,48,0.007030506377714567,0.7068910267048114
15.0,hybrid-pso-sdr,202,4,60,0.006932138880249582,0.6970005440650658
15.0,hybrid-pso-sdr,202,5,72,0.006932138880249582,0.6970005440650658
15.0,hybrid-pso-sdr,202,6,84,0.006932138880249582,0.6970005440650658
15.0,hybrid-pso-sdr,202,7,96,0.006932138880249582,0.6970005440650658
15.0,hybrid-pso-sdr,202,8,108,0.006932138880249582,0.6970005440650658
15.0,hybrid-pso-sdr,202,9,120,0.006742385979892325,0.6779216021870044
15.0,hybrid-pso-sdr,202,10,132,0.006742385979892325,0.6779216021870044
15.0,hybrid-pso-sdr,202,11,144,0.006735180938521516,0.6771971623218751
15.0,hybrid-pso-sdr,202,12,156,0.0065361339752576485,0.6571837373045708
15.0,hybrid-pso-sdr,202,13,168,0.006446136081743128,0.648134786926059
15.0,hybrid-pso-sdr,202,14,180,0.006446136081743128,0.648134786926059
15.0,hybrid-pso-sdr,202,15,192,0.006446136081743128,0.648134786926059
15.0,hybrid-pso-sdr,202,16,204,0.006446136081743128,0.648134786926059
15.0,hybrid-pso-sdr,202,17,216,0.0064395077133825186,0.6474683293675165
15.0,hybrid-pso-sdr,202,18,228,0.006416586701125675,0.6451637076209645
15.0,hybrid-pso-sdr,202,19,240,0.006416586701125675,0.6451637076209645
15.0,hybrid-pso-sdr,202,20,252,0.006396420342804595,0.6431360559878372
15.0,hybrid-pso-sdr,303,0,12,0.009945672122176218,1.0
15.0,hybrid-pso-sdr,303,1,24,0.009638156496106776,0.9690804580834951
15.0,hybrid-pso-sdr,303,2,36,0.009638156496106776,0.9690804580834951
15.0,hybrid-pso-sdr,303,3,48,0.0074791986281886194,0.7520053482873204
15.0,hybrid-pso-sdr,303,4,60,0.006495953113362768,0.6531437024631559
15.0,hybrid-pso-sdr,303,5,72,0.006495953113362768,0.6531437024631559
15.0,hybrid-pso-sdr,303,6,84,0.005798955714422865,0.5830632302358659
15.0,hybrid-pso-sdr,303,7,96,0.005798955714422865,0.5830632302358659
15.0,hybrid-pso-sdr,303,8,108,0.005798955714422865,0.5830632302358659
15.0,hybrid-pso-sdr,303,9,120,0.005798955714422865,0.5830632302358659
15.0,hybrid-pso-sdr,303,10,132,0.005798955714422865,0.5830632302358659
15.0,hybrid-pso-sdr,303,11,144,0.005798955714422865,0.5830632302358659
15.0,hybrid-pso-sdr,303,12,156,0.005798955714422865,0.5830632302358659
15.0,hybrid-pso-sdr,303,13,168,0.005798955714422865,0.5830632302358659
15.0,hybrid-pso-sdr,303,14,180,0.005798955714422865,0.5830632302358659
15.0,hybrid-pso-sdr,303,15,192,0.005798955714422865,0.5830632302358659
15.0,hybrid-pso-sdr,303,16,204,0.005798955714422865,0.5830632302358659
15.0,hybrid-pso-sdr,303,17,216,0.005798955714422865,0.5830632302358659
15.0,hybrid-pso-sdr,303,18,228,0.005798955714422865,0.5830632302358659
15.0,hybrid-pso-sdr,303,19,240,0.005798955714422865,0.5830632302358659
15.0,hybrid-pso-sdr,303,20,252,0.005798955714422865,0.5830632302358659
20.0,hybrid-de-sdr,101,0,12,0.03150465373498297,1.0
20.0,hybrid-de-sdr,101,1,24,0.03150465373498297,1.0
20.0,hybrid-de-sdr,101,2,36,0.02495129264170509,0.7919875219577167
20.0,hybrid-de-sdr,101,3,48,0.02495129264170509,0.7919875219577167
20.0,hybrid-de-sdr,101,4,60,0.02495129264170509,0.7919875219577167
20.0,hybrid-de-sdr,101,5,72,0.02495129264170509,0.7919875219577167
20.0,hybrid-de-sdr,101,6,84,0.02495129264170509,0.7919875219577167
20.0,hybrid-de-sdr,101,7,96,0.02495129264170509,0.7919875219577167
20.0,hybrid-de-sdr,101,8,108,0.024682474968071737,0.7834548881476566
20.0,hybrid-de-sdr,101,9,120,0.024682474968071737,0.7834548881476566
20.0,hybrid-de-sdr,101,10,132,0.024682474968071737,0.7834548881476566
20.0,hybrid-de-sdr,101,11,144,0.024682474968071737,0.7834548881476566
20.0,hybrid-de-sdr,101,12,156,0.024682474968071737,0.7834548881476566
20.0,hybrid-de-sdr,101,13,168,0.024682474968071737,0.7834548881476566
20.0,hybrid-de-sdr,101,14,180,0.024682474968071737,0.7834548881476566
20.0,hybrid-de-sdr,101,15,192,0.024682474968071737,0.7834548881476566
20.0,hybrid-de-sdr,101,16,204,0.022582332336734807,0.7167935418905823
20.0,hybrid-de-sdr,101,17,216,0.022582332336734807,0.7167935418905823
20.0,hybrid-de-sdr,101,18,228,0.022298229119356538,0.7077757244034217
20.0,hybrid-de-sdr,101,19,240,0.022298229119356538,0.7077757244034217
20.0,hybrid-de-sdr,101,20,252,0.021116621927301155,0.6702699259904298
20.0,hybrid-de-sdr,202,0,12,0.023571998684457845,0.7482068802515783
20.0,hybrid-de-sdr,202,1,24,0.023571998684457845,0.7482068802515783
20.0,hybrid-de-sdr,202,2,36,0.023571998684457845,0.7482068802515783
20.0,hybrid-de-sdr,202,3,48,0.023571998684457845,0.7482068802515783
20.0,hybrid-de-sdr,202,4,60,0.023571998684457845,0.7482068802515783
20.0,hybrid-de-sdr,202,5,72,0.023571998684457845,0.7482068802515783
20.0,hybrid-de-sdr,202,6,84,0.023571998684457845,0.7482068802515783
20.0,hybrid-de-sdr,202,7,96,0.023571998684457845,0.7482068802515783
20.0,hybrid-de-sdr,202,8,108,0.023571998684457845,0.7482068802515783
20.0,hybrid-de-sdr,202,9,120,0.020956562129288845,0.6651894131443363
20.0,hybrid-de-sdr,202,10,132,0.020956562129288845,0.6651894131443363
20.0,hybrid-de-sdr,202,11,144,0.020956562129288845,0.6651894131443363
20.0,hybrid-de-sdr,202,12,156,0.020956562129288845,0.6651894131443363
20.0,hybrid-de-sdr,202,13,168,0.020956562129288845,0.6651894131443363
20.0,hybrid-de-sdr,202,14,180,0.020956562129288845,0.6651894131443363
20.0,hybrid-de-sdr,202,15,192,0.020956562129288845,0.6651894131443363
20.0,hybrid-de-sdr,202,16,204,0.02050294178093458,0.65079089436771
20.0,hybrid-de-sdr,202,17,216,0.020411455569103655,0.6478869991971581
20.0,hybrid-de-sdr,202,18,228,0.019609458011856987,0.6224305201641533
20.0,hybrid-de-sdr,202,19,240,0.019609458011856987,0.6224305201641533
20.0,hybrid-de-sdr,202,20,252,0.01851943967001221,0.5878318748016617
20.0,hybrid-de-sdr,303,0,12,0.03150465373498297,1.0
20.0,hybrid-de-sdr,303,1,24,0.03150465373498297,1.0
20.0,hybrid-de-sdr,303,2,36,0.03150465373498297,1.0
20.0,hybrid-de-sdr,303,3,48,0.03150465373498297,1.0
20.0,hybrid-de-sdr,303,4,60,0.03150465373498297,1.0
20.0,hybrid-de-sdr,303,5,72,0.03150465373498297,1.0
20.0,hybrid-de-sdr,303,6,84,0.026114204530289946,0.8288999063428069
20.0,hybrid-de-sdr,303,7,96,0.026114204530289946,0.8288999063428069
20.0,hybrid-de-sdr,303,8,108,0.026114204530289946,0.8288999063428069
20.0,hybrid-de-sdr,303,9,120,0.026114204530289946,0.8288999063428069
20.0,hybrid-de-sdr,303,10,132,0.026114204530289946,0.8288999063428069
20.0,hybrid-de-sdr,303,11,144,0.026114204530289946,0.8288999063428069
20.0,hybrid-de-sdr,303,12,156,0.02200043099712893,0.6983232122529095
20.0,hybrid-de-sdr,303,13,168,0.02200043099712893,0.6983232122529095
20.0,hybrid-de-sdr,303,14,180,0.02200043099712893,0.6983232122529095
20.0,hybrid-de-sdr,303,15,192,0.02200043099712893,0.6983232122529095
20.0,hybrid-de-sdr,303,16,204,0.02200043099712893,0.6983232122529095
20.0,hybrid-de-sdr,303,17,216,0.02200043099712893,0.6983232122529095
20.0,hybrid-de-sdr,303,18,228,0.02200043099712893,0.6983232122529095
20.0,hybrid-de-sdr,303,19,240,0.021557679877619477,0.6842696973901887
20.0,hybrid-de-sdr,303,20,252,0.021557679877619477,0.6842696973901887
20.0,hybrid-pso-sdr,101,0,12,0.03150465373498297,1.0
20.0,hybrid-pso-sdr,101,1,24,0.03150465373498297,1.0
20.0,hybrid-pso-sdr,101,2,36,0.03150465373498297,1.0
20.0,hybrid-pso-sdr,101,3,48,0.03150465373498297,1.0
20.0,hybrid-pso-sdr,101,4,60,0.03150465373498297,1.0
20.0,hybrid-pso-sdr,101,5,72,0.03150465373498297,1.0
20.0,hybrid-pso-sdr,101,6,84,0.03150465373498297,1.0
20.0,hybrid-pso-sdr,101,7,96,0.03150465373498297,1.0
20.0,hybrid-pso-sdr,101,8,108,0.03150465373498297,1.0
20.0,hybrid-pso-sdr,101,9,120,0.03150465373498297,1.0
20.0,hybrid-pso-sdr,101,10,132,0.03150465373498297,1.0
20.0,hybrid-pso-sdr,101,11,144,0.03150465373498297,1.0
20.0,hybrid-pso-sdr,101,12,156,0.03150465373498297,1.0
20.0,hybrid-pso-sdr,101,13,168,0.03150465373498297,1.0
20.0,hybrid-pso-sdr,101,14,180,0.03150465373498297,1.0
20.0,hybrid-pso-sdr,101,15,192,0.03150465373498297,1.0
20.0,hybrid-pso-sdr,101,16,204,0.03150465373498297,1.0
20.0,hybrid-pso-sdr,101,17,216,0.03150465373498297,1.0
20.0,hybrid-pso-sdr,101,18,228,0.03150465373498297,1.0
20.0,hybrid-pso-sdr,101,19,240,0.03150465373498297,1.0
20.0,hybrid-pso-sdr,101,20,252,0.03150465373498297,1.0
20.0,hybrid-pso-sdr,202,0,12,0.023571998684457845,0.7482068802515783
20.0,hybrid-pso-sdr,202,1,24,0.022425472854036486,0.7118146113485163
20.0,hybrid-pso-sdr,202,2,36,0.022425472854036486,0.7118146113485163
20.0,hybrid-pso-sdr,202,3,48,0.022425472854036486,0.7118146113485163
20.0,hybrid-pso-sdr,202,4,60,0.022239291280346796,0.7059049582777082
20.0,hybrid-pso-sdr,202,5,72,0.022239291280346796,0.7059049582777082
20.0,hybrid-pso-sdr,202,6,84,0.022239291280346796,0.7059049582777082
20.0,hybrid-pso-sdr,202,7,96,0.022239291280346796,0.7059049582777082
20.0,hybrid-pso-sdr,202,8,108,0.022239291280346796,0.7059049582777082
20.0,hybrid-pso-sdr,202,9,120,0.02160392557009751,0.6857375977476106
20.0,hybrid-pso-sdr,202,10,132,0.02160392557009751,0.6857375977476106
20.0,hybrid-pso-sdr,202,11,144,0.02160392557009751,0.6857375977476106
20.0,hybrid-pso-sdr,202,12,156,0.021490308750476972,0.6821312473786688
20.0,hybrid-pso-sdr,202,13,168,0.021490308750476972,0.6821312473786688
20.0,hybrid-pso-sdr,202,14,180,0.021490308750476972,0.6821312473786688
20.0,hybrid-pso-sdr,202,15,192,0.02140926833742897,0.6795589158834645
20.0,hybrid-pso-sdr,202,16,204,0.020699293598817316,0.6570233646412906
20.0,hybrid-pso-sdr,202,17,216,0.020678035985698298,0.6563486194656148
20.0,hybrid-pso-sdr,202,18,228,0.020434099056778753,0.6486057338915805
20.0,hybrid-pso-sdr,202,19,240,0.020434099056778753,0.6486057338915805
20.0,hybrid-pso-sdr,202,20,252,0.020423532130841547,0.6482703254777603
20.0,hybrid-pso-sdr,303,0,12,0.03150465373498297,1.0
20.0,hybrid-pso-sdr,303,1,24,0.029782191037154578,0.9453267218132996
20.0,hybrid-pso-sdr,303,2,36,0.029782191037154578,0.9453267218132996
20.0,hybrid-pso-sdr,303,3,48,0.023762735209211135,0.7542611135835098
20.0,hybrid-pso-sdr,303,4,60,0.0204382997542177,0.6487390696671228
20.0,hybrid-pso-sdr,303,5,72,0.0204382997542177,0.6487390696671228
20.0,hybrid-pso-sdr,303,6,84,0.018968571501399915,0.602087922024583
20.0,hybrid-pso-sdr,303,7,96,0.018968571501399915,0.602087922024583
20.0,hybrid-pso-sdr,303,8,108,0.018968571501399915,0.602087922024583
20.0,hybrid-pso-sdr,303,9,120,0.018968571501399915,0.602087922024583
20.0,hybrid-pso-sdr,303,10,132,0.018968571501399915,0.602087922024583
20.0,hybrid-pso-sdr,303,11,144,0.018968571501399915,0.602087922024583
20.0,hybrid-pso-sdr,303,12,156,0.018968571501399915,0.602087922024583
20.0,hybrid-pso-sdr,303,13,168,0.018968571501399915,0.602087922024583
20.0,hybrid-pso-sdr,303,14,180,0.018968571501399915,0.602087922024583
20.0,hybrid-pso-sdr,303,15,192,0.018968571501399915,0.602087922024583
20.0,hybrid-pso-sdr,303,16,204,0.018968571501399915,0.602087922024583
20.0,hybrid-pso-sdr,303,17,216,0.018968571501399915,0.602087922024583
20.0,hybrid-pso-sdr,303,18,228,0.01896690439167805,0.6020350057241568
20.0,hybrid-pso-sdr,303,19,240,0.01896690439167805,0.6020350057241568
20.0,hybrid-pso-sdr,303,20,252,0.01896690439167805,0.6020350057241568
25.0,hybrid-de-sdr,101,0,12,0.07683966614474014,1.0
25.0,hybrid-de-sdr,101,1,24,0.07683966614474014,1.0
25.0,hybrid-de-sdr,101,2,36,0.06143856379572927,0.7995683333657337
25.0,hybrid-de-sdr,101,3,48,0.06143856379572927,0.7995683333657337
25.0,hybrid-de-sdr,101,4,60,0.06143856379572927,0.7995683333657337
25.0,hybrid-de-sdr,101,5,72,0.06143856379572927,0.7995683333657337
25.0,hybrid-de-sdr,101,6,84,0.06143856379572927,0.7995683333657337
25.0,hybrid-de-sdr,101,7,96,0.06143856379572927,0.7995683333657337
25.0,hybrid-de-sdr,101,8,108,0.06143856379572927,0.7995683333657337
25.0,hybrid-de-sdr,101,9,120,0.06143856379572927,0.7995683333657337
25.0,hybrid-de-sdr,101,10,132,0.06143856379572927,0.7995683333657337
25.0,hybrid-de-sdr,101,11,144,0.05652780134338098,0.7356591221635655
25.0,hybrid-de-sdr,101,12,156,0.05652780134338098,0.7356591221635655
25.0,hybrid-de-sdr,101,13,168,0.05652780134338098,0.7356591221635655
25.0,hybrid-de-sdr,101,14,180,0.05652780134338098,0.7356591221635655
25.0,hybrid-de-sdr,101,15,192,0.05652780134338098,0.7356591221635655
25.0,hybrid-de-sdr,101,16,204,0.05652780134338098,0.7356591221635655
25.0,hybrid-de-sdr,101,17,216,0.05147020801599791,0.6698390375492433
25.0,hybrid-de-sdr,101,18,228,0.05147020801599791,0.6698390375492433
25.0,hybrid-de-sdr,101,19,240,0.05147020801599791,0.6698390375492433
25.0,hybrid-de-sdr,101,20,252,0.05147020801599791,0.6698390375492433
25.0,hybrid-de-sdr,202,0,12,0.05808467352920936,0.7559204307290629
25.0,hybrid-de-sdr,202,1,24,0.05808467352920936,0.7559204307290629
25.0,hybrid-de-sdr,202,2,36,0.05808467352920936,0.7559204307290629
25.0,hybrid-de-sdr,202,3,48,0.05808467352920936,0.7559204307290629
25.0,hybrid-de-sdr,202,4,60,0.05808467352920936,0.7559204307290629
25.0,hybrid-de-sdr,202,5,72,0.05808467352920936,0.7559204307290629
25.0,hybrid-de-sdr,202,6,84,0.05808467352920936,0.7559204307290629
25.0,hybrid-de-sdr,202,7,96,0.05808467352920936,0.7559204307290629
25.0,hybrid-de-sdr,202,8,108,0.05808467352920936,0.7559204307290629
25.0,hybrid-de-sdr,202,9,120,0.05140412148282228,0.6689789800230804
25.0,hybrid-de-sdr,202,10,132,0.05140412148282228,0.6689789800230804
25.0,hybrid-de-sdr,202,11,144,0.05140412148282228,0.6689789800230804
25.0,hybrid-de-sdr,202,12,156,0.05140412148282228,0.6689789800230804
25.0,hybrid-de-sdr,202,13,168,0.05140412148282228,0.6689789800230804
25.0,hybrid-de-sdr,202,14,180,0.05058162336181566,0.6582748975839752
25.0,hybrid-de-sdr,202,15,192,0.05058162336181566,0.6582748975839752
25.0,hybrid-de-sdr,202,16,204,0.048211267967388366,0.6274268276566236
25.0,hybrid-de-sdr,202,17,216,0.048211267967388366,0.6274268276566236
25.0,hybrid-de-sdr,202,18,228,0.048211267967388366,0.6274268276566236
25.0,hybrid-de-sdr,202,19,240,0.048211267967388366,0.6274268276566236
25.0,hybrid-de-sdr,202,20,252,0.048211267967388366,0.6274268276566236
25.0,hybrid-de-sdr,303,0,12,0.07683966614474014,1.0
25.0,hybrid-de-sdr,303,1,24,0.07683966614474014,1.0
25.0,hybrid-de-sdr,303,2,36,0.07683966614474014,1.0
25.0,hybrid-de-sdr,303,3,48,0.07683966614474014,1.0
25.0,hybrid-de-sdr,303,4,60,0.07683966614474014,1.0
25.0,hybrid-de-sdr,303,5,72,0.07683966614474014,1.0
25.0,hybrid-de-sdr,303,6,84,0.06363199732434129,0.8281139223650447
25.0,hybrid-de-sdr,303,7,96,0.06363199732434129,0.8281139223650447
25.0,hybrid-de-sdr,303,8,108,0.06363199732434129,0.8281139223650447
25.0,hybrid-de-sdr,303,9,120,0.06363199732434129,0.8281139223650447
25.0,hybrid-de-sdr,303,10,132,0.06363199732434129,0.8281139223650447
25.0,hybrid-de-sdr,303,11,144,0.06363199732434129,0.8281139223650447
25.0,hybrid-de-sdr,303,12,156,0.05423930615903911,0.7058763901559705
25.0,hybrid-de-sdr,303,13,168,0.05423930615903911,0.7058763901559705
25.0,hybrid-de-sdr,303,14,180,0.05423930615903911,0.7058763901559705
25.0,hybrid-de-sdr,303,15,192,0.05423930615903911,0.7058763901559705
25.0,hybrid-de-sdr,303,16,204,0.05423930615903911,0.7058763901559705
25.0,hybrid-de-sdr,303,17,216,0.05423930615903911,0.7058763901559705
25.0,hybrid-de-sdr,303,18,228,0.05423930615903911,0.7058763901559705
25.0,hybrid-de-sdr,303,19,240,0.05423930615903911,0.7058763901559705
25.0,hybrid-de-sdr,303,20,252,0.05312591222431098,0.6913865570972106
25.0,hybrid-pso-sdr,101,0,12,0.07683966614474014,1.0
25.0,hybrid-pso-sdr,101,1,24,0.07683966614474014,1.0
25.0,hybrid-pso-sdr,101,2,36,0.07683966614474014,1.0
25.0,hybrid-pso-sdr,101,3,48,0.07683966614474014,1.0
25.0,hybrid-pso-sdr,101,4,60,0.07683966614474014,1.0
25.0,hybrid-pso-sdr,101,5,72,0.07683966614474014,1.0
25.0,hybrid-pso-sdr,101,6,84,0.07683966614474014,1.0
25.0,hybrid-pso-sdr,101,7,96,0.07683966614474014,1.0
25.0,hybrid-pso-sdr,101,8,108,0.07683966614474014,1.0
25.0,hybrid-pso-sdr,101,9,120,0.07683966614474014,1.0
25.0,hybrid-pso-sdr,101,10,132,0.07683966614474014,1.0
25.0,hybrid-pso-sdr,101,11,144,0.07683966614474014,1.0
25.0,hybrid-pso-sdr,101,12,156,0.07683966614474014,1.0
25.0,hybrid-pso-sdr,101,13,168,0.07683966614474014,1.0
25.0,hybrid-pso-sdr,101,14,180,0.07683966614474014,1.0
25.0,hybrid-pso-sdr,101,15,192,0.07683966614474014,1.0
25.0,hybrid-pso-sdr,101,16,204,0.07683966614474014,1.0
25.0,hybrid-pso-sdr,101,17,216,0.07683966614474014,1.0
25.0,hybrid-pso-sdr,101,18,228,0.07683966614474014,1.0
25.0,hybrid-pso-sdr,101,19,240,0.07683966614474014,1.0
25.0,hybrid-pso-sdr,101,20,252,0.07683966614474014,1.0
25.0,hybrid-pso-sdr,202,0,12,0.05808467352920936,0.7559204307290629
25.0,hybrid-pso-sdr,202,1,24,0.05521800814263105,0.7186133271143951
25.0,hybrid-pso-sdr,202,2,36,0.05521800814263105,0.7186133271143951
25.0,hybrid-pso-sdr,202,3,48,0.05521800814263105,0.7186133271143951
25.0,hybrid-pso-sdr,202,4,60,0.0549149878732717,0.7146697874744835
25.0,hybrid-pso-sdr,202,5,72,0.0549149878732717,0.7146697874744835
25.0,hybrid-pso-sdr,202,6,84,0.0549149878732717,0.7146697874744835
25.0,hybrid-pso-sdr,202,7,96,0.0549149878732717,0.7146697874744835
25.0,hybrid-pso-sdr,202,8,108,0.0549149878732717,0.7146697874744835
25.0,hybrid-pso-sdr,202,9,120,0.05329428488748894,0.6935777777469829
25.0,hybrid-pso-sdr,202,10,132,0.05329428488748894,0.6935777777469829
25.0,hybrid-pso-sdr,202,11,144,0.05329428488748894,0.6935777777469829
25.0,hybrid-pso-sdr,202,12,156,0.0529803438820347,0.6894921144274302
25.0,hybrid-pso-sdr,202,13,168,0.0529803438820347,0.6894921144274302
25.0,hybrid-pso-sdr,202,14,180,0.0529803438820347,0.6894921144274302
25.0,hybrid-pso-sdr,202,15,192,0.052857068381311344,0.6878877932882526
25.0,hybrid-pso-sdr,202,16,204,0.05108660779055798,0.6648468213582287
25.0,hybrid-pso-sdr,202,17,216,0.051065529619025496,0.664572507678979
25.0,hybrid-pso-sdr,202,18,228,0.0504405509658177,0.6564389656613634
25.0,hybrid-pso-sdr,202,19,240,0.0504405509658177,0.6564389656613634
25.0,hybrid-pso-sdr,202,20,252,0.050426582238418075,0.6562571750823503
25.0,hybrid-pso-sdr,303,0,12,0.07683966614474014,1.0
25.0,hybrid-pso-sdr,303,1,24,0.07233543703565505,0.9413814591463655
25.0,hybrid-pso-sdr,303,2,36,0.07233543703565505,0.9413814591463655
25.0,hybrid-pso-sdr,303,3,48,0.05838632739774986,0.759846187876059
25.0,hybrid-pso-sdr,303,4,60,0.050363989444667655,0.6554425854713997
25.0,hybrid-pso-sdr,303,5,72,0.050363989444667655,0.6554425854713997
25.0,hybrid-pso-sdr,303,6,84,0.047717165703603,0.6209965255929129
25.0,hybrid-pso-sdr,303,7,96,0.047717165703603,0.6209965255929129
25.0,hybrid-pso-sdr,303,8,108,0.047717165703603,0.6209965255929129
25.0,hybrid-pso-sdr,303,9,120,0.047717165703603,0.6209965255929129
25.0,hybrid-pso-sdr,303,10,132,0.047717165703603,0.6209965255929129
25.0,hybrid-pso-sdr,303,11,144,0.047717165703603,0.6209965255929129
25.0,hybrid-pso-sdr,303,12,156,0.047717165703603,0.6209965255929129
25.0,hybrid-pso-sdr,303,13,168,0.047717165703603,0.6209965255929129
25.0,hybrid-pso-sdr,303,14,180,0.047717165703603,0.6209965255929129
25.0,hybrid-pso-sdr,303,15,192,0.047717165703603,0.6209965255929129
25.0,hybrid-pso-sdr,303,16,204,0.04734744071698878,0.6161848833101655
25.0,hybrid-pso-sdr,303,17,216,0.04734744071698878,0.6161848833101655
25.0,hybrid-pso-sdr,303,18,228,0.04734744071698878,0.6161848833101655
25.0,hybrid-pso-sdr,303,19,240,0.0466666122044434,0.607324504983392
25.0,hybrid-pso-sdr,303,20,252,0.0466666122044434,0.607324504983392
30.0,hybrid-de-sdr,101,0,12,0.15906867240045897,1.0
30.0,hybrid-de-sdr,101,1,24,0.15906867240045897,1.0
30.0,hybrid-de-sdr,101,2,36,0.1282665392607587,0.8063595258898295
30.0,hybrid-de-sdr,101,3,48,0.1282665392607587,0.8063595258898295
30.0,hybrid-de-sdr,101,4,60,0.1282665392607587,0.8063595258898295
30.0,hybrid-de-sdr,101,5,72,0.1282665392607587,0.8063595258898295
30.0,hybrid-de-sdr,101,6,84,0.1282665392607587,0.8063595258898295
30.0,hybrid-de-sdr,101,7,96,0.1282665392607587,0.8063595258898295
30.0,hybrid-de-sdr,101,8,108,0.1282665392607587,0.8063595258898295
30.0,hybrid-de-sdr,101,9,120,0.1282665392607587,0.8063595258898295
30.0,hybrid-de-sdr,101,10,132,0.1282665392607587,0.8063595258898295
30.0,hybrid-de-sdr,101,11,144,0.11891266800353517,0.7475555444642793
30.0,hybrid-de-sdr,101,12,156,0.11891266800353517,0.7475555444642793
30.0,hybrid-de-sdr,101,13,168,0.11891266800353517,0.7475555444642793
30.0,hybrid-de-sdr,101,14,180,0.11891266800353517,0.7475555444642793
30.0,hybrid-de-sdr,101,15,192,0.11891266800353517,0.7475555444642793
30.0,hybrid-de-sdr,101,16,204,0.11891266800353517,0.7475555444642793
30.0,hybrid-de-sdr,101,17,216,0.10826312044162727,0.6806061734712441
30.0,hybrid-de-sdr,101,18,228,0.10826312044162727,0.6806061734712441
30.0,hybrid-de-sdr,101,19,240,0.10826312044162727,0.6806061734712441
30.0,hybrid-de-sdr,101,20,252,0.10826312044162727,0.6806061734712441
30.0,hybrid-de-sdr,202,0,12,0.12131301788637472,0.76264556719859
30.0,hybrid-de-sdr,202,1,24,0.12131301788637472,0.76264556719859
30.0,hybrid-de-sdr,202,2,36,0.12131301788637472,0.76264556719859
30.0,hybrid-de-sdr,202,3,48,0.12131301788637472,0.76264556719859
30.0,hybrid-de-sdr,202,4,60,0.12131301788637472,0.76264556719859
30.0,hybrid-de-sdr,202,5,72,0.12131301788637472,0.76264556719859
30.0,hybrid-de-sdr,202,6,84,0.12131301788637472,0.76264556719859
30.0,hybrid-de-sdr,202,7,96,0.12131301788637472,0.76264556719859
30.0,hybrid-de-sdr,202,8,108,0.12131301788637472,0.76264556719859
30.0,hybrid-de-sdr,202,9,120,0.1070599759151827,0.6730424935317043
30.0,hybrid-de-sdr,202,10,132,0.1070599759151827,0.6730424935317043
30.0,hybrid-de-sdr,202,11,144,0.1070599759151827,0.6730424935317043
30.0,hybrid-de-sdr,202,12,156,0.1070599759151827,0.6730424935317043
30.0,hybrid-de-sdr,202,13,168,0.1070599759151827,0.6730424935317043
30.0,hybrid-de-sdr,202,14,180,0.10705584015526354,0.6730164936924101
30.0,hybrid-de-sdr,202,15,192,0.10705584015526354,0.6730164936924101
30.0,hybrid-de-sdr,202,16,204,0.1021501881133851,0.6421766559805044
30.0,hybrid-de-sdr,202,17,216,0.1021501881133851,0.6421766559805044
30.0,hybrid-de-sdr,202,18,228,0.1021501881133851,0.6421766559805044
30.0,hybrid-de-sdr,202,19,240,0.1021501881133851,0.6421766559805044
30.0,hybrid-de-sdr,202,20,252,0.1021501881133851,0.6421766559805044
30.0,hybrid-de-sdr,303,0,12,0.15906867240045897,1.0
30.0,hybrid-de-sdr,303,1,24,0.15906867240045897,1.0
30.0,hybrid-de-sdr,303,2,36,0.15906867240045897,1.0
30.0,hybrid-de-sdr,303,3,48,0.15906867240045897,1.0
30.0,hybrid-de-sdr,303,4,60,0.15906867240045897,1.0
30.0,hybrid-de-sdr,303,5,72,0.15906867240045897,1.0
30.0,hybrid-de-sdr,303,6,84,0.15906867240045897,1.0
30.0,hybrid-de-sdr,303,7,96,0.15906867240045897,1.0
30.0,hybrid-de-sdr,303,8,108,0.15906867240045897,1.0
30.0,hybrid-de-sdr,303,9,120,0.15906867240045897,1.0
30.0,hybrid-de-sdr,303,10,132,0.15906867240045897,1.0
30.0,hybrid-de-sdr,303,11,144,0.15906867240045897,1.0
30.0,hybrid-de-sdr,303,12,156,0.15906867240045897,1.0
30.0,hybrid-de-sdr,303,13,168,0.1329319565813946,0.8356891056884878
30.0,hybrid-de-sdr,303,14,180,0.11631469338094504,0.7312231354274472
30.0,hybrid-de-sdr,303,15,192,0.11631469338094504,0.7312231354274472
30.0,hybrid-de-sdr,303,16,204,0.11631469338094504,0.7312231354274472
30.0,hybrid-de-sdr,303,17,216,0.11631469338094504,0.7312231354274472
30.0,hybrid-de-sdr,303,18,228,0.11631469338094504,0.7312231354274472
30.0,hybrid-de-sdr,303,19,240,0.11631469338094504,0.7312231354274472
30.0,hybrid-de-sdr,303,20,252,0.11631469338094504,0.7312231354274472
30.0,hybrid-pso-sdr,101,0,12,0.15906867240045897,1.0
30.0,hybrid-pso-sdr,101,1,24,0.15906867240045897,1.0
30.0,hybrid-pso-sdr,101,2,36,0.15906867240045897,1.0
30.0,hybrid-pso-sdr,101,3,48,0.15906867240045897,1.0
30.0,hybrid-pso-sdr,101,4,60,0.15906867240045897,1.0
30.0,hybrid-pso-sdr,101,5,72,0.15906867240045897,1.0
30.0,hybrid-pso-sdr,101,6,84,0.15906867240045897,1.0
30.0,hybrid-pso-sdr,101,7,96,0.15906867240045897,1.0
30.0,hybrid-pso-sdr,101,8,108,0.15906867240045897,1.0
30.0,hybrid-pso-sdr,101,9,120,0.15906867240045897,1.0
30.0,hybrid-pso-sdr,101,10,132,0.15906867240045897,1.0
30.0,hybrid-pso-sdr,101,11,144,0.15906867240045897,1.0
30.0,hybrid-pso-sdr,101,12,156,0.15906867240045897,1.0
30.0,hybrid-pso-sdr,101,13,168,0.15906867240045897,1.0
30.0,hybrid-pso-sdr,101,14,180,0.15906867240045897,1.0
30.0,hybrid-pso-sdr,101,15,192,0.15906867240045897,1.0
30.0,hybrid-pso-sdr,101,16,204,0.15906867240045897,1.0
30.0,hybrid-pso-sdr,101,17,216,0.15906867240045897,1.0
30.0,hybrid-pso-sdr,101,18,228,0.15906867240045897,1.0
30.0,hybrid-pso-sdr,101,19,240,0.15906867240045897,1.0
30.0,hybrid-pso-sdr,101,20,252,0.15906867240045897,1.0
30.0,hybrid-pso-sdr,202,0,12,0.12131301788637472,0.76264556719859
30.0,hybrid-pso-sdr,202,1,24,0.11530791447034633,0.7248939261909225
30.0,hybrid-pso-sdr,202,2,36,0.11530791447034633,0.7248939261909225
30.0,hybrid-pso-sdr,202,3,48,0.11530791447034633,0.7248939261909225
30.0,hybrid-pso-sdr,202,4,60,0.11485238859888341,0.7220302204430294
30.0,hybrid-pso-sdr,202,5,72,0.11485238859888341,0.7220302204430294
30.0,hybrid-pso-sdr,202,6,84,0.11485238859888341,0.7220302204430294
30.0,hybrid-pso-sdr,202,7,96,0.11485238859888341,0.7220302204430294
30.0,hybrid-pso-sdr,202,8,108,0.11485238859888341,0.7220302204430294
30.0,hybrid-pso-sdr,202,9,120,0.11137869416884644,0.7001925174081296
30.0,hybrid-pso-sdr,202,10,132,0.11137869416884644,0.7001925174081296
30.0,hybrid-pso-sdr,202,11,144,0.11137869416884644,0.7001925174081296
30.0,hybrid-pso-sdr,202,12,156,0.11067694042725756,0.6957808772592624
30.0,hybrid-pso-sdr,202,13,168,0.11067694042725756,0.6957808772592624
30.0,hybrid-pso-sdr,202,14,180,0.11067694042725756,0.6957808772592624
30.0,hybrid-pso-sdr,202,15,192,0.1105390898688359,0.6949142669057503
30.0,hybrid-pso-sdr,202,16,204,0.10681279421814147,0.6714885628091359
30.0,hybrid-pso-sdr,202,17,216,0.10680798605807838,0.6714583358638141
30.0,hybrid-pso-sdr,202,18,228,0.1054712487886517,0.6630548127234347
30.0,hybrid-pso-sdr,202,19,240,0.1054712487886517,0.6630548127234347
30.0,hybrid-pso-sdr,202,20,252,0.10523183862387057,0.6615497384610531
30.0,hybrid-pso-sdr,303,0,12,0.15906867240045897,1.0
30.0,hybrid-pso-sdr,303,1,24,0.14998607187258006,0.942901387238505
30.0,hybrid-pso-sdr,303,2,36,0.14998607187258006,0.942901387238505
30.0,hybrid-pso-sdr,303,3,48,0.12174662695638797,0.7653714909362422
30.0,hybrid-pso-sdr,303,4,60,0.10554909237276044,0.6635441836531975
30.0,hybrid-pso-sdr,303,5,72,0.10554909237276044,0.6635441836531975
30.0,hybrid-pso-sdr,303,6,84,0.10126139100667568,0.6365891503246337
30.0,hybrid-pso-sdr,303,7,96,0.10126139100667568,0.6365891503246337
30.0,hybrid-pso-sdr,303,8,108,0.10126139100667568,0.6365891503246337
30.0,hybrid-pso-sdr,303,9,120,0.10126139100667568,0.6365891503246337
30.0,hybrid-pso-sdr,303,10,132,0.10126139100667568,0.6365891503246337
30.0,hybrid-pso-sdr,303,11,144,0.10126139100667568,0.6365891503246337
30.0,hybrid-pso-sdr,303,12,156,0.10126139100667568,0.6365891503246337
30.0,hybrid-pso-sdr,303,13,168,0.10126139100667568,0.6365891503246337
30.0,hybrid-pso-sdr,303,14,180,0.10126139100667568,0.6365891503246337
30.0,hybrid-pso-sdr,303,15,192,0.09995774072181159,0.6283936315892907
30.0,hybrid-pso-sdr,303,16,204,0.09995774072181159,0.6283936315892907
30.0,hybrid-pso-sdr,303,17,216,0.09916465329302121,0.6234078137231948
30.0,hybrid-pso-sdr,303,18,228,0.09916465329302121,0.6234078137231948
30.0,hybrid-pso-sdr,303,19,240,0.09846174653330897,0.6189889250186819
30.0,hybrid-pso-sdr,303,20,252,0.0981837405160196,0.6172412143406831
35.0,hybrid-de-sdr,101,0,12,0.2941937424554357,1.0
35.0,hybrid-de-sdr,101,1,24,0.2941937424554357,1.0
35.0,hybrid-de-sdr,101,2,36,0.23891343033380638,0.8120955542417658
35.0,hybrid-de-sdr,101,3,48,0.23891343033380638,0.8120955542417658
35.0,hybrid-de-sdr,101,4,60,0.23891343033380638,0.8120955542417658
35.0,hybrid-de-sdr,101,5,72,0.23891343033380638,0.8120955542417658
35.0,hybrid-de-sdr,101,6,84,0.23891343033380638,0.8120955542417658
35.0,hybrid-de-sdr,101,7,96,0.23891343033380638,0.8120955542417658
35.0,hybrid-de-sdr,101,8,108,0.23891343033380638,0.8120955542417658
35.0,hybrid-de-sdr,101,9,120,0.23891343033380638,0.8120955542417658
35.0,hybrid-de-sdr,101,10,132,0.23891343033380638,0.8120955542417658
35.0,hybrid-de-sdr,101,11,144,0.22265830557939778,0.756842425406536
35.0,hybrid-de-sdr,101,12,156,0.22265830557939778,0.756842425406536
35.0,hybrid-de-sdr,101,13,168,0.22265830557939778,0.756842425406536
35.0,hybrid-de-sdr,101,14,180,0.22265830557939778,0.756842425406536
35.0,hybrid-de-sdr,101,15,192,0.22265830557939778,0.756842425406536
35.0,hybrid-de-sdr,101,16,204,0.22265830557939778,0.756842425406536
35.0,hybrid-de-sdr,101,17,216,0.20301357537332615,0.6900676189741817
35.0,hybrid-de-sdr,101,18,228,0.20301357537332615,0.6900676189741817
35.0,hybrid-de-sdr,101,19,240,0.20301357537332615,0.6900676189741817
35.0,hybrid-de-sdr,101,20,252,0.20301357537332615,0.6900676189741817
35.0,hybrid-de-sdr,202,0,12,0.2260159600388505,0.7682554977289745
35.0,hybrid-de-sdr,202,1,24,0.2260159600388505,0.7682554977289745
35.0,hybrid-de-sdr,202,2,36,0.2260159600388505,0.7682554977289745
35.0,hybrid-de-sdr,202,3,48,0.2260159600388505,0.7682554977289745
35.0,hybrid-de-sdr,202,4,60,0.2260159600388505,0.7682554977289745
35.0,hybrid-de-sdr,202,5,72,0.2260159600388505,0.7682554977289745
35.0,hybrid-de-sdr,202,6,84,0.2260159600388505,0.7682554977289745
35.0,hybrid-de-sdr,202,7,96,0.2260159600388505,0.7682554977289745
35.0,hybrid-de-sdr,202,8,108,0.2260159600388505,0.7682554977289745
35.0,hybrid-de-sdr,202,9,120,0.19908608098600858,0.6767175920343241
35.0,hybrid-de-sdr,202,10,132,0.19908608098600858,0.6767175920343241
35.0,hybrid-de-sdr,202,11,144,0.19908608098600858,0.6767175920343241
35.0,hybrid-de-sdr,202,12,156,0.19908608098600858,0.6767175920343241
35.0,hybrid-de-sdr,202,13,168,0.19908608098600858,0.6767175920343241
35.0,hybrid-de-sdr,202,14,180,0.19908608098600858,0.6767175920343241
35.0,hybrid-de-sdr,202,15,192,0.19908608098600858,0.6767175920343241
35.0,hybrid-de-sdr,202,16,204,0.19908608098600858,0.6767175920343241
35.0,hybrid-de-sdr,202,17,216,0.19908608098600858,0.6767175920343241
35.0,hybrid-de-sdr,202,18,228,0.19908608098600858,0.6767175920343241
35.0,hybrid-de-sdr,202,19,240,0.19908608098600858,0.6767175920343241
35.0,hybrid-de-sdr,202,20,252,0.19595031130655724,0.6660587328305926
35.0,hybrid-de-sdr,303,0,12,0.2941937424554357,1.0
35.0,hybrid-de-sdr,303,1,24,0.2941937424554357,1.0
35.0,hybrid-de-sdr,303,2,36,0.2941937424554357,1.0
35.0,hybrid-de-sdr,303,3,48,0.2941937424554357,1.0
35.0,hybrid-de-sdr,303,4,60,0.2941937424554357,1.0
35.0,hybrid-de-sdr,303,5,72,0.2941937424554357,1.0
35.0,hybrid-de-sdr,303,6,84,0.2941937424554357,1.0
35.0,hybrid-de-sdr,303,7,96,0.2941937424554357,1.0
35.0,hybrid-de-sdr,303,8,108,0.2941937424554357,1.0
35.0,hybrid-de-sdr,303,9,120,0.2941937424554357,1.0
35.0,hybrid-de-sdr,303,10,132,0.2941937424554357,1.0
35.0,hybrid-de-sdr,303,11,144,0.2941937424554357,1.0
35.0,hybrid-de-sdr,303,12,156,0.2941937424554357,1.0
35.0,hybrid-de-sdr,303,13,168,0.24812640119849044,0.8434115529703236
35.0,hybrid-de-sdr,303,14,180,0.21699415814673217,0.7375893053864064
35.0,hybrid-de-sdr,303,15,192,0.21699415814673217,0.7375893053864064
35.0,hybrid-de-sdr,303,16,204,0.21699415814673217,0.7375893053864064
35.0,hybrid-de-sdr,303,17,216,0.21699415814673217,0.7375893053864064
35.0,hybrid-de-sdr,303,18,228,0.21699415814673217,0.7375893053864064
35.0,hybrid-de-sdr,303,19,240,0.21699415814673217,0.7375893053864064
35.0,hybrid-de-sdr,303,20,252,0.21699415814673217,0.7375893053864064
35.0,hybrid-pso-sdr,101,0,12,0.2941937424554357,1.0
35.0,hybrid-pso-sdr,101,1,24,0.2941937424554357,1.0
35.0,hybrid-pso-sdr,101,2,36,0.2941937424554357,1.0
35.0,hybrid-pso-sdr,101,3,48,0.2941937424554357,1.0
35.0,hybrid-pso-sdr,101,4,60,0.2941937424554357,1.0
35.0,hybrid-pso-sdr,101,5,72,0.2941937424554357,1.0
35.0,hybrid-pso-sdr,101,6,84,0.2941937424554357,1.0
35.0,hybrid-pso-sdr,101,7,96,0.2941937424554357,1.0
35.0,hybrid-pso-sdr,101,8,108,0.2941937424554357,1.0
35.0,hybrid-pso-sdr,101,9,120,0.2941937424554357,1.0
35.0,hybrid-pso-sdr,101,10,132,0.2941937424554357,1.0
35.0,hybrid-pso-sdr,101,11,144,0.2941937424554357,1.0
35.0,hybrid-pso-sdr,101,12,156,0.2941937424554357,1.0
35.0,hybrid-pso-sdr,101,13,168,0.2941937424554357,1.0
35.0,hybrid-pso-sdr,101,14,180,0.2941937424554357,1.0
35.0,hybrid-pso-sdr,101,15,192,0.2941937424554357,1.0
35.0,hybrid-pso-sdr,101,16,204,0.2941937424554357,1.0
35.0,hybrid-pso-sdr,101,17,216,0.2941937424554357,1.0
35.0,hybrid-pso-sdr,101,18,228,0.2941937424554357,1.0
35.0,hybrid-pso-sdr,101,19,240,0.2941937424554357,1.0
35.0,hybrid-pso-sdr,101,20,252,0.2941937424554357,1.0
35.0,hybrid-pso-sdr,202,0,12,0.2260159600388505,0.7682554977289745
35.0,hybrid-pso-sdr,202,1,24,0.2148420338113264,0.7302739753000373
35.0,hybrid-pso-sdr,202,2,36,0.2148420338113264,0.7302739753000373
35.0,hybrid-pso-sdr,202,3,48,0.2148420338113264,0.7302739753000373
35.0,hybrid-pso-sdr,202,4,60,0.21419225740407502,0.728065306951662
35.0,hybrid-pso-sdr,202,5,72,0.21419225740407502,0.728065306951662
35.0,hybrid-pso-sdr,202,6,84,0.21419225740407502,0.728065306951662
35.0,hybrid-pso-sdr,202,7,96,0.21419225740407502,0.728065306951662
35.0,hybrid-pso-sdr,202,8,108,0.21419225740407502,0.728065306951662
35.0,hybrid-pso-sdr,202,9,120,0.20759084239710754,0.7056263014450529
35.0,hybrid-pso-sdr,202,10,132,0.20759084239710754,0.7056263014450529
35.0,hybrid-pso-sdr,202,11,144,0.20759084239710754,0.7056263014450529
35.0,hybrid-pso-sdr,202,12,156,0.20622321005021396,0.7009775542097144
35.0,hybrid-pso-sdr,202,13,168,0.20622321005021396,0.7009775542097144
35.0,hybrid-pso-sdr,202,14,180,0.20622321005021396,0.7009775542097144
35.0,hybrid-pso-sdr,202,15,192,0.20613843622974032,0.7006893977731904
35.0,hybrid-pso-sdr,202,16,204,0.19915774470094863,0.676961185641523
35.0,hybrid-pso-sdr,202,17,216,0.19915774470094863,0.676961185641523
35.0,hybrid-pso-sdr,202,18,228,0.1983756640077601,0.6743027990740147
35.0,hybrid-pso-sdr,202,19,240,0.1983756640077601,0.6743027990740147
35.0,hybrid-pso-sdr,202,20,252,0.1982503626719954,0.6738768847268266
35.0,hybrid-pso-sdr,303,0,12,0.2941937424554357,1.0
35.0,hybrid-pso-sdr,303,1,24,0.2783061341625607,0.9459961039270519
35.0,hybrid-pso-sdr,303,2,36,0.2783061341625607,0.9459961039270519
35.0,hybrid-pso-sdr,303,3,48,0.22659427417615294,0.7702212572059628
35.0,hybrid-pso-sdr,303,4,60,0.19741721862908268,0.6710449276771661
35.0,hybrid-pso-sdr,303,5,72,0.19741721862908268,0.6710449276771661
35.0,hybrid-pso-sdr,303,6,84,0.19098506858913453,0.6491812742008434
35.0,hybrid-pso-sdr,303,7,96,0.19098506858913453,0.6491812742008434
35.0,hybrid-pso-sdr,303,8,108,0.19098506858913453,0.6491812742008434
35.0,hybrid-pso-sdr,303,9,120,0.19098506858913453,0.6491812742008434
35.0,hybrid-pso-sdr,303,10,132,0.1907835737366398,0.648496368904038
35.0,hybrid-pso-sdr,303,11,144,0.1907835737366398,0.648496368904038
35.0,hybrid-pso-sdr,303,12,156,0.19027663062478536,0.646773208147377
35.0,hybrid-pso-sdr,303,13,168,0.18960713499377047,0.6444975117799864
35.0,hybrid-pso-sdr,303,14,180,0.18745587872397565,0.637185132353287
35.0,hybrid-pso-sdr,303,15,192,0.18596552169523392,0.6321192291280766
35.0,hybrid-pso-sdr,303,16,204,0.18380011475136387,0.624758749854123
35.0,hybrid-pso-sdr,303,17,216,0.18380011475136387,0.624758749854123
35.0,hybrid-pso-sdr,303,18,228,0.18346532380715794,0.6236207550707817
35.0,hybrid-pso-sdr,303,19,240,0.18278165174309685,0.621296871298289
35.0,hybrid-pso-sdr,303,20,252,0.18278165174309685,0.621296871298289
40.0,hybrid-de-sdr,101,0,12,0.5011010777252545,1.0
40.0,hybrid-de-sdr,101,1,24,0.5011010777252545,1.0
40.0,hybrid-de-sdr,101,2,36,0.40934777033814074,0.8168966073598817
40.0,hybrid-de-sdr,101,3,48,0.40934777033814074,0.8168966073598817
40.0,hybrid-de-sdr,101,4,60,0.40934777033814074,0.8168966073598817
40.0,hybrid-de-sdr,101,5,72,0.40934777033814074,0.8168966073598817
40.0,hybrid-de-sdr,101,6,84,0.40934777033814074,0.8168966073598817
40.0,hybrid-de-sdr,101,7,96,0.3871078303284541,0.7725144637200301
40.0,hybrid-de-sdr,101,8,108,0.3871078303284541,0.7725144637200301
40.0,hybrid-de-sdr,101,9,120,0.3871078303284541,0.7725144637200301
40.0,hybrid-de-sdr,101,10,132,0.35075865822572144,0.6999758607943699
40.0,hybrid-de-sdr,101,11,144,0.35075865822572144,0.6999758607943699
40.0,hybrid-de-sdr,101,12,156,0.35075865822572144,0.6999758607943699
40.0,hybrid-de-sdr,101,13,168,0.35075865822572144,0.6999758607943699
40.0,hybrid-de-sdr,101,14,180,0.35075865822572144,0.6999758607943699
40.0,hybrid-de-sdr,101,15,192,0.35075865822572144,0.6999758607943699
40.0,hybrid-de-sdr,101,16,204,0.35075865822572144,0.6999758607943699
40.0,hybrid-de-sdr,101,17,216,0.35075865822572144,0.6999758607943699
40.0,hybrid-de-sdr,101,18,228,0.35075865822572144,0.6999758607943699
40.0,hybrid-de-sdr,101,19,240,0.35075865822572144,0.6999758607943699
40.0,hybrid-de-sdr,101,20,252,0.35075865822572144,0.6999758607943699
40.0,hybrid-de-sdr,202,0,12,0.3873097647191992,0.7729174450739353
40.0,hybrid-de-sdr,202,1,24,0.3873097647191992,0.7729174450739353
40.0,hybrid-de-sdr,202,2,36,0.3873097647191992,0.7729174450739353
40.0,hybrid-de-sdr,202,3,48,0.3873097647191992,0.7729174450739353
40.0,hybrid-de-sdr,202,4,60,0.3873097647191992,0.7729174450739353
40.0,hybrid-de-sdr,202,5,72,0.3873097647191992,0.7729174450739353
40.0,hybrid-de-sdr,202,6,84,0.3873097647191992,0.7729174450739353
40.0,hybrid-de-sdr,202,7,96,0.3873097647191992,0.7729174450739353
40.0,hybrid-de-sdr,202,8,108,0.3873097647191992,0.7729174450739353
40.0,hybrid-de-sdr,202,9,120,0.3407014121709347,0.6799055665925662
40.0,hybrid-de-sdr,202,10,132,0.3407014121709347,0.6799055665925662
40.0,hybrid-de-sdr,202,11,144,0.3407014121709347,0.6799055665925662
40.0,hybrid-de-sdr,202,12,156,0.3407014121709347,0.6799055665925662
40.0,hybrid-de-sdr,202,13,168,0.3407014121709347,0.6799055665925662
40.0,hybrid-de-sdr,202,14,180,0.3407014121709347,0.6799055665925662
40.0,hybrid-de-sdr,202,15,192,0.3407014121709347,0.6799055665925662
40.0,hybrid-de-sdr,202,16,204,0.3407014121709347,0.6799055665925662
40.0,hybrid-de-sdr,202,17,216,0.3407014121709347,0.6799055665925662
40.0,hybrid-de-sdr,202,18,228,0.3407014121709347,0.6799055665925662
40.0,hybrid-de-sdr,202,19,240,0.3407014121709347,0.6799055665925662
40.0,hybrid-de-sdr,202,20,252,0.3266493728349268,0.6518632414796427
40.0,hybrid-de-sdr,303,0,12,0.5011010777252545,1.0
40.0,hybrid-de-sdr,303,1,24,0.5011010777252545,1.0
40.0,hybrid-de-sdr,303,2,36,0.5011010777252545,1.0
40.0,hybrid-de-sdr,303,3,48,0.5011010777252545,1.0
40.0,hybrid-de-sdr,303,4,60,0.5011010777252545,1.0
40.0,hybrid-de-sdr,303,5,72,0.5011010777252545,1.0
40.0,hybrid-de-sdr,303,6,84,0.5011010777252545,1.0
40.0,hybrid-de-sdr,303,7,96,0.5011010777252545,1.0
40.0,hybrid-de-sdr,303,8,108,0.5006217570712601,0.9990434651304878
40.0,hybrid-de-sdr,303,9,120,0.5006217570712601,0.9990434651304878
40.0,hybrid-de-sdr,303,10,132,0.5006217570712601,0.9990434651304878
40.0,hybrid-de-sdr,303,11,144,0.5006217570712601,0.9990434651304878
40.0,hybrid-de-sdr,303,12,156,0.5006217570712601,0.9990434651304878
40.0,hybrid-de-sdr,303,13,168,0.43141707022665404,0.8609382206581343
40.0,hybrid-de-sdr,303,14,180,0.43141707022665404,0.8609382206581343
40.0,hybrid-de-sdr,303,15,192,0.43141707022665404,0.8609382206581343
40.0,hybrid-de-sdr,303,16,204,0.43141707022665404,0.8609382206581343
40.0,hybrid-de-sdr,303,17,216,0.43141707022665404,0.8609382206581343
40.0,hybrid-de-sdr,303,18,228,0.43141707022665404,0.8609382206581343
40.0,hybrid-de-sdr,303,19,240,0.43141707022665404,0.8609382206581343
40.0,hybrid-de-sdr,303,20,252,0.40947602640013503,0.8171525558455175
40.0,hybrid-pso-sdr,101,0,12,0.5011010777252545,1.0
40.0,hybrid-pso-sdr,101,1,24,0.5011010777252545,1.0
40.0,hybrid-pso-sdr,101,2,36,0.5011010777252545,1.0
40.0,hybrid-pso-sdr,101,3,48,0.5011010777252545,1.0
40.0,hybrid-pso-sdr,101,4,60,0.5011010777252545,1.0
40.0,hybrid-pso-sdr,101,5,72,0.5011010777252545,1.0
40.0,hybrid-pso-sdr,101,6,84,0.5011010777252545,1.0
40.0,hybrid-pso-sdr,101,7,96,0.5011010777252545,1.0
40.0,hybrid-pso-sdr,101,8,108,0.5011010777252545,1.0
40.0,hybrid-pso-sdr,101,9,120,0.5011010777252545,1.0
40.0,hybrid-pso-sdr,101,10,132,0.5011010777252545,1.0
40.0,hybrid-pso-sdr,101,11,144,0.5011010777252545,1.0
40.0,hybrid-pso-sdr,101,12,156,0.5011010777252545,1.0
40.0,hybrid-pso-sdr,101,13,168,0.5011010777252545,1.0
40.0,hybrid-pso-sdr,101,14,180,0.5011010777252545,1.0
40.0,hybrid-pso-sdr,101,15,192,0.5011010777252545,1.0
40.0,hybrid-pso-sdr,101,16,204,0.5011010777252545,1.0
40.0,hybrid-pso-sdr,101,17,216,0.5011010777252545,1.0
40.0,hybrid-pso-sdr,101,18,228,0.5011010777252545,1.0
40.0,hybrid-pso-sdr,101,19,240,0.5011010777252545,1.0
40.0,hybrid-pso-sdr,101,20,252,0.5011010777252545,1.0
40.0,hybrid-pso-sdr,202,0,12,0.3873097647191992,0.7729174450739353
40.0,hybrid-pso-sdr,202,1,24,0.3682136636030501,0.7348091632022704
40.0,hybrid-pso-sdr,202,2,36,0.3682136636030501,0.7348091632022704
40.0,hybrid-pso-sdr,202,3,48,0.3682136636030501,0.7348091632022704
40.0,hybrid-pso-sdr,202,4,60,0.36732296830846245,0.7330316868922394
40.0,hybrid-pso-sdr,202,5,72,0.36732296830846245,0.7330316868922394
40.0,hybrid-pso-sdr,202,6,84,0.36732296830846245,0.7330316868922394
40.0,hybrid-pso-sdr,202,7,96,0.36732296830846245,0.7330316868922394
40.0,hybrid-pso-sdr,202,8,108,0.36732296830846245,0.7330316868922394
40.0,hybrid-pso-sdr,202,9,120,0.3558328856672224,0.7101020163088129
40.0,hybrid-pso-sdr,202,10,132,0.3558328856672224,0.7101020163088129
40.0,hybrid-pso-sdr,202,11,144,0.3558328856672224,0.7101020163088129
40.0,hybrid-pso-sdr,202,12,156,0.35341288367073603,0.7052726473370439
40.0,hybrid-pso-sdr,202,13,168,0.35341288367073603,0.7052726473370439
40.0,hybrid-pso-sdr,202,14,180,0.35341288367073603,0.7052726473370439
40.0,hybrid-pso-sdr,202,15,192,0.35341288367073603,0.7052726473370439
40.0,hybrid-pso-sdr,202,16,204,0.353210158650467,0.7048680881986176
40.0,hybrid-pso-sdr,202,17,216,0.353210158650467,0.7048680881986176
40.0,hybrid-pso-sdr,202,18,228,0.353210158650467,0.7048680881986176
40.0,hybrid-pso-sdr,202,19,240,0.35240868729728825,0.703268667664906
40.0,hybrid-pso-sdr,202,20,252,0.344737531308287,0.6879600676039674
40.0,hybrid-pso-sdr,303,0,12,0.5011010777252545,1.0
40.0,hybrid-pso-sdr,303,1,24,0.475751485199715,0.9494122171107398
40.0,hybrid-pso-sdr,303,2,36,0.475751485199715,0.9494122171107398
40.0,hybrid-pso-sdr,303,3,48,0.38803386721106115,0.7743624678927826
40.0,hybrid-pso-sdr,303,4,60,0.3395425025745368,0.6775928403823996
40.0,hybrid-pso-sdr,303,5,72,0.3395425025745368,0.6775928403823996
40.0,hybrid-pso-sdr,303,6,84,0.3304385867089297,0.6594250170224216
40.0,hybrid-pso-sdr,303,7,96,0.3304385867089297,0.6594250170224216
40.0,hybrid-pso-sdr,303,8,108,0.3304385867089297,0.6594250170224216
40.0,hybrid-pso-sdr,303,9,120,0.3304385867089297,0.6594250170224216
40.0,hybrid-pso-sdr,303,10,132,0.32903190972283863,0.656617844879674
40.0,hybrid-pso-sdr,303,11,144,0.32903190972283863,0.656617844879674
40.0,hybrid-pso-sdr,303,12,156,0.3273328291892387,0.653227150648257
40.0,hybrid-pso-sdr,303,13,168,0.3259891599030934,0.6505457170096687
40.0,hybrid-pso-sdr,303,14,180,0.3221810446995668,0.6429462218722535
40.0,hybrid-pso-sdr,303,15,192,0.31992798167217484,0.6384499972031313
40.0,hybrid-pso-sdr,303,16,204,0.3157921246336078,0.6301964587007962
40.0,hybrid-pso-sdr,303,17,216,0.3157921246336078,0.6301964587007962
40.0,hybrid-pso-sdr,303,18,228,0.31547398607068744,0.6295615796772576
40.0,hybrid-pso-sdr,303,19,240,0.31547398607068744,0.6295615796772576
40.0,hybrid-pso-sdr,303,20,252,0.31547398607068744,0.6295615796772576
