experiment,architecture,x,quantity,new_value,paper_value,ratio,relative_difference_percent
figure2,fully-digital-sdr,0.0,range_rcrb_m,0.005198489886617116,0.005198505948935197,0.9999969102049245,-0.00030897950754615877
figure2,fully-digital-sdr,0.0,angle_rcrb_deg,3.451529391132756e-05,3.4514996092581236e-05,1.0000086286768082,0.0008628676808175584
figure2,hybrid-two-stage-sdr,0.0,range_rcrb_m,0.01716943766487857,0.01717158343072557,0.999875039721546,-0.012496027845398938
figure2,hybrid-two-stage-sdr,0.0,angle_rcrb_deg,0.0002049607030725007,0.00020495936593376295,1.0000065239211278,0.0006523921127765675
figure2,fully-digital-sdr,1.0,range_rcrb_m,0.005200977784657586,0.005199262106511724,1.000329984930691,0.03299849306910296
figure2,fully-digital-sdr,1.0,angle_rcrb_deg,3.453181227217139e-05,3.451996808561941e-05,1.0003431111675016,0.03431111675016307
figure2,hybrid-two-stage-sdr,1.0,range_rcrb_m,0.01717765463123468,0.01717430373969088,1.0001951107651634,0.019511076516343095
figure2,hybrid-two-stage-sdr,1.0,angle_rcrb_deg,0.00020505879336725632,0.00020498889097087428,1.0003410057786593,0.03410057786592535
figure2,fully-digital-sdr,2.0,range_rcrb_m,0.005204333383649996,0.0052016960333032885,1.0005070173900632,0.050701739006320246
figure2,fully-digital-sdr,2.0,angle_rcrb_deg,3.455409172023186e-05,3.453630967757859e-05,1.0005148796388288,0.05148796388287913
figure2,hybrid-two-stage-sdr,2.0,range_rcrb_m,0.017188737415552283,0.017182219816374987,1.000379322302179,0.03793223021790748
figure2,hybrid-two-stage-sdr,2.0,angle_rcrb_deg,0.00020519109445423485,0.00020508593175619898,1.0005127738267336,0.05127738267336479
figure2,fully-digital-sdr,3.0,range_rcrb_m,0.005210195364910148,0.005206349874717839,1.0007386153994342,0.0738615399434206
figure2,fully-digital-sdr,3.0,angle_rcrb_deg,3.459301225567806e-05,3.4566882103637896e-05,1.0007559302560705,0.07559302560704584
figure2,hybrid-two-stage-sdr,3.0,range_rcrb_m,0.017208098216246765,0.017197567599627202,1.0006123317474147,0.06123317474147072
figure2,hybrid-two-stage-sdr,3.0,angle_rcrb_deg,0.00020542221462251597,0.00020526747907677147,1.0007538239688063,0.07538239688062998
figure2,fully-digital-sdr,4.0,range_rcrb_m,0.005221528509447422,0.005215519836867927,1.0011520754915015,0.11520754915015363
figure2,fully-digital-sdr,4.0,angle_rcrb_deg,3.466825849442242e-05,3.462803691415796e-05,1.0011615322105658,0.11615322105658077
figure2,hybrid-two-stage-sdr,4.0,range_rcrb_m,0.01724552903125137,0.017228056209713544,1.0010142073676294,0.10142073676293606
figure2,hybrid-two-stage-sdr,4.0,angle_rcrb_deg,0.0002058690461559457,0.00020563105599119826,1.0011573648912138,0.11573648912137635
figure2,fully-digital-sdr,5.0,range_rcrb_m,0.005244187090502492,0.00523454140140585,1.0018426999343344,0.18426999343343908
figure2,fully-digital-sdr,5.0,angle_rcrb_deg,3.481869979598093e-05,3.475438993850245e-05,1.0018504096199725,0.1850409619972515
figure2,hybrid-two-stage-sdr,5.0,range_rcrb_m,0.017320365210630153,0.017290689594425916,1.0017162771931203,0.17162771931202858
figure2,hybrid-two-stage-sdr,5.0,angle_rcrb_deg,0.00020676240540510162,0.00020638137590936204,1.0018462397300176,0.18462397300176292
figure2,fully-digital-sdr,6.0,range_rcrb_m,0.005290283982363304,0.005275124514545498,1.002873764927445,0.2873764927445066
figure2,fully-digital-sdr,6.0,angle_rcrb_deg,3.5124759402826305e-05,3.502361222746241e-05,1.002887970969613,0.28879709696130185
figure2,hybrid-two-stage-sdr,6.0,range_rcrb_m,0.017472612825378955,0.01742466808709476,1.0027515438483277,0.27515438483276533
figure2,hybrid-two-stage-sdr,6.0,angle_rcrb_deg,0.00020857986610294736,0.0002079800938416674,1.0028837964739865,0.2883796473986511
figure2,fully-digital-sdr,7.0,range_rcrb_m,0.005386182929292897,0.005363003112742802,1.0043221710043424,0.4322171004342401
figure2,fully-digital-sdr,7.0,angle_rcrb_deg,3.5761478991597496e-05,3.5607215077513355e-05,1.004332377967452,0.4332377967452006
figure2,hybrid-two-stage-sdr,7.0,range_rcrb_m,0.017789345377289014,0.017715125195200493,1.0041896504411174,0.41896504411174096
figure2,hybrid-two-stage-sdr,7.0,angle_rcrb_deg,0.00021236087092049166,0.0002114452571681711,1.0043302638450402,0.43302638450402053
figure2,fully-digital-sdr,8.0,range_rcrb_m,0.005594709305241505,0.005559596971448544,1.0063156257500825,0.6315625750082487
figure2,fully-digital-sdr,8.0,angle_rcrb_deg,3.7145986667350854e-05,3.6912822191987915e-05,1.0063166255386875,0.6316625538687504
figure2,hybrid-two-stage-sdr,8.0,range_rcrb_m,0.018478060891158107,0.01836451598360125,1.006182842371574,0.618284237157396
figure2,hybrid-two-stage-sdr,8.0,angle_rcrb_deg,0.0002205824340662844,0.00021919830473113557,1.0063145074814632,0.6314507481463227
figure2,fully-digital-sdr,9.0,range_rcrb_m,0.006096536923940258,0.006041957246428954,1.0090334431849155,0.9033443184915502
figure2,fully-digital-sdr,9.0,angle_rcrb_deg,4.047786344795341e-05,4.0115145349412076e-05,1.0090419240758566,0.9041924075856578
figure2,hybrid-two-stage-sdr,9.0,range_rcrb_m,0.020135484142960416,0.019957652056391842,1.0089104713353103,0.891047133531031
figure2,hybrid-two-stage-sdr,9.0,angle_rcrb_deg,0.00024036797635419566,0.0002382145642752515,1.0090398002552687,0.9039800255268737
figure2,fully-digital-sdr,9.6,range_rcrb_m,0.006787893884972286,0.006713702131037105,1.0110507961907031,1.105079619070315
figure2,fully-digital-sdr,9.6,angle_rcrb_deg,4.50681173934987e-05,4.4574977904505105e-05,1.0110631460109767,1.1063146010976688
figure2,hybrid-two-stage-sdr,9.6,range_rcrb_m,0.022418879974488954,0.022176639876421895,1.010923210162447,1.0923210162447017
figure2,hybrid-two-stage-sdr,9.6,angle_rcrb_deg,0.00026762608603476257,0.00026469825415343425,1.011061016970785,1.1061016970784987
figure2,fully-digital-sdr,10.0,range_rcrb_m,0.007710803112362498,0.00761767510475202,1.0122252532865812,1.2225253286581195
figure2,fully-digital-sdr,10.0,angle_rcrb_deg,5.1195759058946774e-05,5.0577062330858696e-05,1.0122327533386728,1.2232753338672797
figure2,hybrid-two-stage-sdr,10.0,range_rcrb_m,0.025467040615436056,0.025162671425161497,1.0120960602764222,1.2096060276422183
figure2,hybrid-two-stage-sdr,10.0,angle_rcrb_deg,0.00030401359972278614,0.0003003402520550587,1.0122306205798017,1.2230620579801732
figure2,fully-digital-sdr,10.3,range_rcrb_m,0.00906980264341094,0.008962414568709299,1.011982047234968,1.1982047234968096
figure2,fully-digital-sdr,10.3,angle_rcrb_deg,6.0218815602766915e-05,5.9505020798213026e-05,1.0119955391155047,1.199553911550466
figure2,hybrid-two-stage-sdr,10.3,range_rcrb_m,0.029955509230577063,0.02960460900043254,1.0118528918973189,1.1852891897318862
figure2,hybrid-two-stage-sdr,10.3,angle_rcrb_deg,0.00035759483523174014,0.00035335688000551847,1.011993413645025,1.1993413645025042
figure2,fully-digital-sdr,10.5,range_rcrb_m,0.010869876715137746,0.010773702761824298,1.008926731639027,0.8926731639026908
figure2,fully-digital-sdr,10.5,angle_rcrb_deg,7.217037977555597e-05,7.153070150742138e-05,1.0089427092794305,0.8942709279430527
figure2,hybrid-two-stage-sdr,10.5,range_rcrb_m,0.03590074739329934,0.03558764831792662,1.0087979703681347,0.8797970368134678
figure2,hybrid-two-stage-sdr,10.5,angle_rcrb_deg,0.00042856630311258155,0.0004247686190209252,1.0089405947652392,0.8940594765239229
figure2,fully-digital-sdr,10.6,range_rcrb_m,0.012484405293612732,0.012439049730470832,1.0036462241187762,0.36462241187762423
figure2,fully-digital-sdr,10.6,angle_rcrb_deg,8.289001748838982e-05,8.258770638314768e-05,1.003660485542965,0.3660485542964942
figure2,hybrid-two-stage-sdr,10.6,range_rcrb_m,0.04123317020113767,0.041079740657998846,1.00373491995522,0.37349199552199064
figure2,hybrid-two-stage-sdr,10.6,angle_rcrb_deg,0.000492222268386864,0.0004903271917573275,1.0038649225688352,0.3864922568835194
figure2,fully-digital-sdr,10.7,range_rcrb_m,0.015390944873585043,0.015557003571176965,0.989325791638977,-1.0674208361022952
figure2,fully-digital-sdr,10.7,angle_rcrb_deg,0.00010218794252989878,0.00010328980206258052,0.989332349267025,-1.0667650732975043
figure2,hybrid-two-stage-sdr,10.7,range_rcrb_m,0.05083281111721302,0.05138782684199723,0.989199470791191,-1.0800529208809029
figure2,hybrid-two-stage-sdr,10.7,angle_rcrb_deg,0.0006068182842731301,0.0006133753547781476,0.9893098565928049,-1.0690143407195096
figure4,fully-digital-sdr,5.0,range_rcrb_m,0.0003246043485415938,0.0003244726332377955,1.0004059365576812,0.040593655768117465
figure4,fully-digital-sdr,5.0,angle_rcrb_deg,3.4678750622584585e-05,3.466449533675099e-05,1.0004112359258401,0.04112359258401366
figure4,hybrid-two-stage-sdr,5.0,range_rcrb_m,0.0018623947482990242,0.0019281668867922193,0.9658887729357201,-3.4111227064279936
figure4,hybrid-two-stage-sdr,5.0,angle_rcrb_deg,0.00021962874782702592,0.00022113305421199198,0.993197279392144,-0.6802720607856028
figure4,fully-digital-sdr,6.0,angle_rcrb_deg,3.463058191547118e-05,3.461597813522981e-05,1.0004218797511462,0.04218797511461592
figure4,hybrid-two-stage-sdr,6.0,angle_rcrb_deg,0.0002197545453103841,0.00022084182486728995,0.9950766592444197,-0.4923340755580319
figure4,fully-digital-sdr,7.0,angle_rcrb_deg,3.4601469910933187e-05,3.4586660549001616e-05,1.000428181318939,0.04281813189390693
figure4,hybrid-two-stage-sdr,7.0,angle_rcrb_deg,0.00021823798755037078,0.0002185202745330453,0.9987081885958741,-0.1291811404125931
figure4,fully-digital-sdr,8.0,angle_rcrb_deg,3.458254868931917e-05,3.456750019852999e-05,1.0004353363911984,0.04353363911984154
figure4,hybrid-two-stage-sdr,8.0,angle_rcrb_deg,0.00021644702280854757,0.00021608146774491622,1.001691746485464,0.16917464854639963
figure4,fully-digital-sdr,10.0,range_rcrb_m,0.00129983911727436,0.0012992519141561487,1.0004519547839903,0.045195478399029376
figure4,fully-digital-sdr,10.0,angle_rcrb_deg,3.4560272474659346e-05,3.454505704428542e-05,1.0004404517368264,0.044045173682638605
figure4,hybrid-two-stage-sdr,10.0,range_rcrb_m,0.00635107795229702,0.006240278667026715,1.0177555027880023,1.7755502788002309
figure4,hybrid-two-stage-sdr,10.0,angle_rcrb_deg,0.00021336024646408526,0.000212152420644783,1.0056931983883635,0.5693198388363463
figure4,fully-digital-sdr,12.0,angle_rcrb_deg,3.4548162052852815e-05,3.453280730237442e-05,1.0004446424046545,0.04446424046544717
figure4,hybrid-two-stage-sdr,12.0,angle_rcrb_deg,0.00021113256525077064,0.00020939772242083596,1.008284917380563,0.8284917380563028
figure4,fully-digital-sdr,15.0,range_rcrb_m,0.0029252333208968284,0.0029240082939881906,1.0004189546627336,0.04189546627335616
figure4,fully-digital-sdr,15.0,angle_rcrb_deg,3.453825012025362e-05,3.4522874184924074e-05,1.000445383986489,0.04453839864890785
figure4,hybrid-two-stage-sdr,15.0,range_rcrb_m,0.013717227463999823,0.01355664027827986,1.011845647772867,1.1845647772867007
figure4,hybrid-two-stage-sdr,15.0,angle_rcrb_deg,0.00020890955760048715,0.00020662887695082244,1.011037569788503,1.103756978850301
figure4,fully-digital-sdr,20.0,range_rcrb_m,0.005200786304370795,0.005198569694849961,1.000426388343515,0.04263883435149385
figure4,fully-digital-sdr,20.0,angle_rcrb_deg,3.4530540941761704e-05,3.451512225035956e-05,1.0004467227811134,0.04467227811133512
figure4,hybrid-two-stage-sdr,20.0,range_rcrb_m,0.024072927496226634,0.02386508259963829,1.0087091630930074,0.8709163093007399
figure4,hybrid-two-stage-sdr,20.0,angle_rcrb_deg,0.0002067846597218874,0.00020388239942391396,1.0142349722495616,1.4234972249561606
figure4,fully-digital-sdr,25.0,range_rcrb_m,0.008126497991898865,0.00812286650630152,1.0004470694667367,0.04470694667366715
figure4,fully-digital-sdr,25.0,angle_rcrb_deg,3.4526974184063694e-05,3.451150503383833e-05,1.0004482316899883,0.04482316899883099
figure4,hybrid-two-stage-sdr,25.0,range_rcrb_m,0.03742797564623406,0.03714739523050784,1.0075531652753889,0.7553165275388851
figure4,hybrid-two-stage-sdr,25.0,angle_rcrb_deg,0.00020558474492443155,0.00020225043174591035,1.0164860621049756,1.6486062104975607
figure4,fully-digital-sdr,30.0,range_rcrb_m,0.011702368365393874,0.011696632458767259,1.0004903895755326,0.049038957553260154
figure4,fully-digital-sdr,30.0,angle_rcrb_deg,3.452503785513939e-05,3.450948002788243e-05,1.0004508276347366,0.04508276347365836
figure4,hybrid-two-stage-sdr,30.0,range_rcrb_m,0.0537837720202568,0.05338876608600453,1.0073986713537442,0.7398671353744168
figure4,hybrid-two-stage-sdr,30.0,angle_rcrb_deg,0.0002048217880521694,0.00020116784879015557,1.0181636344176714,1.8163634417671437
figure4,fully-digital-sdr,35.0,range_rcrb_m,0.0159283974183078,0.015921397984207875,1.0004396243412084,0.04396243412083667
figure4,fully-digital-sdr,35.0,angle_rcrb_deg,3.452387110365505e-05,3.450835987752905e-05,1.0004494918385298,0.04494918385298252
figure4,hybrid-two-stage-sdr,35.0,range_rcrb_m,0.07314046555105999,0.07258803083927033,1.0076105482598487,0.7610548259848748
figure4,hybrid-two-stage-sdr,35.0,angle_rcrb_deg,0.0002042959099794676,0.00020039714251119992,1.0194552048966956,1.945520489669561
figure4,fully-digital-sdr,40.0,range_rcrb_m,0.0208045851487473,0.020795344239263443,1.0004443739607065,0.044437396070651225
figure4,fully-digital-sdr,40.0,angle_rcrb_deg,3.45231143820529e-05,3.45075344339248e-05,1.000451494097845,0.04514940978450621
figure4,hybrid-two-stage-sdr,40.0,range_rcrb_m,0.09549798212769964,0.0947460757848794,1.0079360156776038,0.7936015677603825
figure4,hybrid-two-stage-sdr,40.0,angle_rcrb_deg,0.00020391209718682407,0.00019982035546548893,1.0204771016036043,2.0477101603604275
